Names,Appearances,Goals,Goals per match,Headed goals,Goals with right foot,Goals with left foot,Penalties scored,Freekicks scored,Shots,Shots on target,Shooting accuracy %,Hit woodwork,Big chances missed,Assists,Passes,Passes per match,Big Chances Created,Crosses,Cross accuracy %,Through balls,Accurate long balls,Yellow cards,Red cards,Fouls,Offsides,Tackles,Tackle success %,Blocked shots,Interceptions,Clearances,Headed Clearance,Recoveries,Duels won,Duels lost,Successful 50/50s,Aerial battles won,Aerial battles lost,Errors leading to goal
Dele Alli,160,50,0.31,9,31,10,2,0,320,128,40%,7,37,33,"5,543",34.64,44,76,12%,67,167,24,0,178,31,238,65%,82,127,99,57,755,820,"1,079",183,121,184,1
Marcos Alonso,141,20,,4,2,14,,,,,,11,,12,"6,464",45.84,17,428,19%,8,214,26,1,126,16,289,68%,65,215,370,185,834,806,642,90,290,214,1
Rolando Aarons,18,2,0.11,1,0,1,0,0,11,3,27%,1,0,1,197,10.94,1,19,21%,0,8,2,0,11,1,20,70%,2,8,11,6,43,54,67,14,7,12,1
Allan,12,0,12,0,0,0,0,0,4,1,25%,0,0,0,538,44.83,0,2,2%,0,29,4,0,21,0,41,56%,1,13,10,2,103,80,72,20,1,4,0
Miguel Almirón,57,5,0.09,0,2,3,0,0,83,29,35%,2,11,3,"1,296",22.74,4,73,22%,3,37,6,0,41,29,99,60%,28,46,25,8,285,255,245,62,11,39,1
Steven Alzate,26,0,26,0,0,0,0,0,16,4,25%,0,1,0,855,32.88,1,9,,,,2,0,35,3,44,,7,20,13,11,,,,,,,
Alex Telles,3,0,,0,0,0,,,,,,0,,1,181,60.33,1,22,18%,1,7,0,0,3,0,5,60%,0,7,5,5,19,15,16,0,9,5,0
Ajibola Alese,0,0,,0,0,0,,,,,,0,,0,0,0,0,0,0%,0,0,0,0,0,0,0,0%,0,0,0,0,0,0,0,0,0,0,0
Ali Koiki,0,0,,0,0,0,,,,,,0,,0,0,0,0,0,0%,0,0,0,0,0,0,0,0%,0,0,0,0,0,0,0,0,0,0,0
Trent Alexander-Arnold,104,6,,0,6,0,,,,,,4,,27,"5,887",56.61,35,761,22%,12,429,12,0,52,10,171,64%,32,124,192,67,599,286,334,64,32,79,1
Alisson,77,0,,,,,,,,,,,,1,"2,154",27.97,,,,,332,2,1,1,,,,,,,,,,,,,,4
Hakim Ziyech,7,1,0.14,0,0,1,0,0,8,3,38%,0,0,3,235,33.57,4,25,24%,2,11,1,0,6,0,4,50%,2,6,0,0,28,17,25,3,2,4,0
Tammy Abraham,79,23,0.29,3,18,1,0,0,154,63,41%,3,28,5,851,10.77,7,29,,,,2,0,45,37,22,,29,11,47,38,,,,,,,
Che Adams,43,8,0.19,0,7,1,0,0,60,23,38%,2,12,6,519,12.07,12,15,,,,1,0,30,19,15,,18,3,16,7,,,,,,,
Marc Albrighton,264,17,0.06,2,13,2,0,1,224,72,32%,6,13,37,"5,804",21.98,61,"1,620",20%,33,373,32,1,168,18,434,74%,76,266,179,49,"1,267",992,"1,151",295,71,191,0
Kenneth Zohore,19,1,0.05,0,0,1,0,0,17,8,47%,0,2,1,136,7.16,1,7,,,,1,0,13,4,3,,4,2,5,5,,,,,,,
Ezgjan Alioski,11,1,0.09,0,0,1,0,0,8,4,50%,0,1,0,388,35.27,3,23,22%,0,5,1,0,9,3,22,55%,1,8,7,5,43,47,38,3,10,10,0
Richairo Zivkovic,5,0,5,0,0,0,0,0,1,0,1%,0,0,0,18,3.6,0,1,,,,0,0,1,0,2,,1,0,0,0,,,,,,,
Toby Alderweireld,184,8,,5,2,1,,,,,,3,,4,"10,369",56.35,5,57,28%,24,"1,108",20,0,69,3,241,73%,27,185,"1,023",494,852,587,461,26,298,281,1
Kurt Zouma,153,8,,7,1,0,,,,,,3,,4,"6,584",43.03,2,20,10%,0,437,11,1,96,6,166,69%,14,234,700,381,613,730,358,52,454,183,2
Oleksandr Zinchenko,42,0,42,0,0,0,0,0,28,6,21%,0,0,3,"3,073",73.17,5,102,20%,3,86,2,1,35,4,88,63%,11,43,42,27,189,173,162,11,66,59,2
Andi Zeqiri,0,0,0,0,0,0,0,0,0,0,0%,0,0,0,0,0,0,0,,,,0,0,0,0,0,,0,0,0,0,,,,,,,
Karlo Ziger,0,0,,,,,,,,,,,,0,0,0,,,,,0,0,0,0,,,,,,,,,,,,,,0
Davide Zappacosta,26,1,,0,0,1,,,,,,1,,1,520,20,2,85,20%,0,8,0,0,9,5,26,42%,9,9,24,14,71,70,76,16,17,8,0
Wilfried Zaha,226,43,0.19,1,34,8,2,0,359,126,35%,7,33,26,"4,772",21.12,39,548,,,,35,1,300,81,300,,116,125,33,8,,,,,,,
DeAndre Yedlin,104,2,,1,1,0,,,,,,0,,5,"2,502",24.06,6,219,23%,3,90,16,1,102,15,169,64%,5,107,270,111,385,398,390,60,109,134,0
Jack Young,0,0,0,0,0,0,0,0,0,0,0%,0,0,0,0,0,0,0,0%,0,0,0,0,0,0,0,0%,0,0,0,0,0,0,0,0,0,0,0
André-Frank Zambo Anguissa,35,0,35,0,0,0,0,0,33,7,21%,0,0,2,"1,649",47.11,2,8,38%,1,53,2,1,41,2,85,55%,14,61,33,17,210,230,231,83,36,44,0
Andriy Yarmolenko,38,7,0.18,0,0,7,0,0,39,17,44%,1,3,1,653,17.18,7,38,,,,5,0,28,10,20,,8,8,7,3,,,,,,,
Maya Yoshida,154,6,,2,2,1,,,,,,1,,2,"6,262",40.66,3,39,21%,8,423,10,1,91,3,196,72%,17,296,836,373,797,672,399,15,381,222,7
Romaric Yapi,0,0,,0,0,0,,,,,,0,,0,0,0,0,0,0%,0,0,0,0,0,0,0,0%,0,0,0,0,0,0,0,0,0,0,0
Sam Woods,0,0,,0,0,0,,,,,,0,,0,0,0,0,0,0%,0,0,0,0,0,0,0,0%,0,0,0,0,0,0,0,0,0,0,0
Xande Silva,1,0,1,0,0,0,0,0,2,0,2%,0,0,0,4,4,0,0,,,,0,0,0,0,0,,2,0,0,0,,,,,,,
Chris Wood,115,37,0.32,14,15,8,1,0,189,90,48%,9,42,4,"1,721",14.97,8,25,,,,4,0,97,124,30,,26,7,66,47,,,,,,,
Harry Winks,98,2,0.02,1,1,0,0,0,32,6,19%,1,1,2,"4,300",43.88,3,54,17%,11,203,15,0,60,2,91,66%,8,73,66,24,403,234,243,51,33,34,0
Ben Winterbottom,0,0,,,,,,,,,,,,0,0,0,,,,,0,0,0,0,,,,,,,,,,,,,,0
Freddie Woodman,0,0,,,,,,,,,,,,0,0,0,,,,,0,0,0,0,,,,,,,,,,,,,,0
Jack Wilshere,182,8,0.04,1,2,5,0,0,140,50,36%,10,12,18,"7,494",41.18,32,239,18%,156,364,36,2,169,10,217,74%,43,153,53,12,915,926,793,339,59,60,1
Joseph Willock,36,1,0.03,0,1,0,0,0,19,5,26%,0,2,1,456,12.67,1,14,14%,3,16,2,0,16,0,34,59%,5,8,10,4,74,92,85,24,15,19,0
Harry Wilson,31,7,0.23,0,0,7,0,2,56,20,36%,1,2,0,575,18.55,4,35,11%,6,42,2,0,12,1,23,57%,25,11,11,5,85,87,92,17,6,22,0
Ben Woodburn,6,0,6,0,0,0,0,0,2,0,2%,0,0,0,40,6.67,0,5,20%,0,0,0,0,2,0,4,75%,2,0,0,0,6,7,12,1,1,3,0
Granit Xhaka,140,8,0.06,0,0,8,0,2,146,41,28%,2,1,13,"10,161",72.58,12,275,25%,35,701,37,3,208,3,266,65%,41,142,220,134,929,677,632,69,188,177,7
Willian,245,37,0.15,1,33,3,5,4,399,145,36%,16,20,36,"8,585",35.04,54,"1,068",,,,21,1,134,35,254,,111,102,56,25,,,,,,,
Brandon Williams,18,1,,0,1,0,,,,,,0,,0,558,31,0,12,25%,1,16,6,0,13,1,21,71%,1,16,14,10,69,63,53,16,10,9,0
Georginio Wijnaldum,192,26,0.14,8,17,1,1,0,229,88,38%,2,16,16,"8,161",42.51,16,68,24%,13,261,7,0,88,15,207,67%,57,128,129,71,"1,038",736,757,201,154,211,2
Connor Wickham,120,19,0.16,4,10,5,1,0,189,59,31%,6,12,7,"2,003",16.69,5,112,,,,11,0,147,26,93,,56,53,109,63,,,,,,,
Alfie Whiteman,0,0,,,,,,,,,,,,0,0,0,,,,,0,0,0,0,,,,,,,,,,,,,,0
Ben White,13,0,,0,0,0,,,,,,0,,0,668,51.38,0,3,33%,1,29,2,0,14,0,27,56%,0,24,21,10,70,59,53,7,22,17,0
Ashley Westwood,232,10,0.04,0,10,0,0,1,142,37,26%,1,5,26,"10,462",45.09,41,705,31%,22,826,39,0,202,2,345,68%,49,327,248,62,"1,378",614,644,37,96,132,1
Timo Werner,13,4,0.31,1,3,0,0,0,32,14,44%,4,6,3,386,29.69,3,9,,,,0,0,11,11,10,,9,5,2,1,,,,,,,
Adam Webster,43,3,,2,1,0,,,,,,2,,1,"2,677",62.26,2,6,33%,1,156,5,0,22,1,45,51%,5,66,126,64,236,220,136,16,137,84,1
Ollie Watkins,10,6,0.6,2,2,2,1,0,24,10,42%,2,6,1,211,21.1,1,8,,,,0,0,7,10,10,,4,5,2,1,,,,,,,
Kelland Watts,1,0,,0,0,0,,,,,,0,,0,3,3,0,0,0%,0,0,0,0,0,0,1,1%,0,0,0,0,1,1,0,0,0,0,0
Wesley,21,5,0.24,0,5,0,0,0,35,18,51%,1,5,1,367,17.48,1,7,,,,3,0,43,14,15,,8,4,23,18,,,,,,,
Danny Welbeck,231,45,0.19,12,22,11,0,0,395,155,39%,8,55,20,"3,994",17.29,25,38,,,,13,0,128,38,246,,103,159,117,64,,,,,,,
James Ward-Prowse,244,26,0.11,0,22,4,4,9,258,107,41%,5,15,25,"7,711",31.6,37,"1,178",26%,17,315,30,1,213,5,285,64%,72,203,264,140,996,661,923,53,193,322,0
Aaron Wan-Bissaka,87,1,,0,1,0,,,,,,0,,7,"3,505",40.29,8,192,16%,3,79,13,1,54,3,315,66%,7,179,239,110,478,581,343,135,89,88,0
Kyle Walker,303,8,,0,7,1,,,,,,3,,30,"16,334",53.91,25,763,17%,29,933,46,1,253,23,610,76%,58,508,831,361,"1,644","1,547","1,138",251,458,298,6
Joel Ward,205,4,,2,1,1,,,,,,2,,6,"6,557",31.99,10,414,18%,3,360,29,0,208,4,490,80%,25,372,809,456,"1,030","1,233",830,103,410,253,3
Kyle Walker-Peters,35,0,,0,0,0,,,,,,1,,6,"1,497",42.77,5,45,18%,0,38,5,0,22,4,60,73%,5,44,49,22,185,191,153,57,18,52,0
Christian Walton,0,0,,,,,,,,,,,,0,0,0,,,,,0,0,0,0,,,,,,,,,,,,,,0
Theo Walcott,355,77,0.22,3,62,12,0,0,632,273,43%,19,80,53,"5,653",15.92,61,962,,,,10,0,107,166,225,,143,154,82,30,,,,,,,
Matej Vydra,63,6,0.1,0,5,1,0,0,40,21,53%,1,10,5,383,6.08,4,12,,,,1,0,9,12,10,,6,8,13,7,,,,,,,
Michel Vorm,102,0,,,,,,,,,,,,0,"2,303",22.58,,,,,487,5,1,2,,,,,,,,,,,,,,7
Jake Vokins,1,0,,0,0,0,,,,,,0,,0,58,58,0,1,1%,0,3,0,0,0,0,2,100%,0,0,1,0,1,3,2,0,0,0,0
Jan Vertonghen,232,6,,3,1,2,,,,,,4,,4,"12,663",54.58,8,165,17%,12,821,36,1,130,7,420,75%,46,442,"1,338",670,"1,332","1,295",618,140,588,284,7
Jannik Vestergaard,54,4,,4,0,0,,,,,,1,,0,"2,415",44.72,3,5,20%,3,139,5,0,36,1,85,62%,7,75,324,185,262,345,186,16,217,103,1
Vitinha,5,0,5,0,0,0,0,0,0,0,0%,0,0,1,51,10.2,0,0,0%,0,1,0,0,1,0,2,2%,0,0,1,1,4,4,2,2,0,0,0
Michael Verrips,0,0,,,,,,,,,,,,0,0,0,,,,,0,0,0,0,,,,,,,,,,,,,,0
Joël Veltman,9,0,,0,0,0,,,,,,0,,0,420,46.67,0,14,29%,0,23,1,0,6,0,21,62%,0,6,22,13,45,47,31,3,13,15,0
Sepp van den Berg,0,0,,0,0,0,,,,,,0,,0,0,0,0,0,0%,0,0,0,0,0,0,0,0%,0,0,0,0,0,0,0,0,0,0,0
Indiana Vassilev,4,0,4,0,0,0,0,0,1,0,1%,0,0,0,11,2.75,0,0,,,,0,0,0,2,0,,0,0,0,0,,,,,,,
Virgil van Dijk,162,14,,11,0,3,,,,,,12,,3,"10,775",66.51,13,3,33%,11,758,9,1,92,5,187,70%,28,282,928,530,844,"1,096",402,41,784,271,3
Jan Paul van Hecke,0,0,,0,0,0,,,,,,0,,0,0,0,0,0,0%,0,0,0,0,0,0,0,0%,0,0,0,0,0,0,0,0,0,0,0
Jamie Vardy,223,113,0.51,13,72,28,23,0,484,239,49%,17,85,33,"3,075",13.79,52,262,,,,21,3,186,205,129,,85,59,100,67,,,,,,,
Marco van Ginkel,19,0,19,0,0,0,0,0,12,2,17%,1,1,0,380,20,0,10,10%,0,18,0,0,14,0,28,68%,4,23,18,7,34,55,56,5,13,14,0
Harvey Vale,0,0,0,0,0,0,0,0,0,0,0%,0,0,0,0,0,0,0,0%,0,0,0,0,0,0,0,0%,0,0,0,0,0,0,0,0,0,0,0
Cengiz Ünder,6,0,6,0,0,0,0,0,5,1,20%,0,0,2,80,13.33,3,11,18%,0,1,0,0,0,1,4,25%,4,2,0,0,9,17,16,11,0,2,0
Donny van de Beek,8,1,0.12,0,1,0,0,0,1,1,100%,1,0,0,132,16.5,0,0,0%,0,2,0,0,2,0,6,50%,0,2,1,0,16,11,16,3,0,5,0
Yan Valery,34,2,,0,1,1,,,,,,0,,1,621,18.26,2,66,14%,1,20,4,1,34,5,62,69%,2,35,86,29,121,176,202,38,62,71,3
Patrick van Aanholt,199,20,,0,4,16,,,,,,5,,15,"7,210",36.23,26,409,26%,14,304,20,0,99,30,359,69%,54,335,450,173,"1,179",695,586,186,72,94,2
Nathan Trott,0,0,,,,,,,,,,,,0,0,0,,,,,0,0,0,0,,,,,,,,,,,,,,0
Leandro Trossard,41,6,0.15,0,3,3,0,0,60,19,32%,6,10,4,973,23.73,7,102,,,,1,0,19,5,26,,10,13,6,2,,,,,,,
Rayhaan Tulloch,0,0,0,0,0,0,0,0,0,0,0%,0,0,0,0,0,0,0,,,,0,0,0,0,0,,0,0,0,0,,,,,,,
Trézéguet,43,6,0.14,0,5,1,0,0,72,23,32%,2,7,2,530,12.33,5,89,16%,1,17,2,1,57,7,60,45%,29,38,25,17,112,184,247,40,48,72,0
Konstantinos Tsimikas,0,0,,0,0,0,,,,,,0,,0,0,0,0,0,0%,0,0,0,0,0,0,0,0%,0,0,0,0,0,0,0,0,0,0,0
James Trafford,0,0,,,,,,,,,,,,0,0,0,,,,,0,0,0,0,,,,,,,,,,,,,,0
Axel Tuanzebe,11,0,,0,0,0,,,,,,0,,0,284,25.82,0,1,1%,0,6,0,0,10,0,12,58%,1,12,15,10,30,26,40,1,6,17,1
Bertrand Traoré,18,2,0.11,0,0,2,0,0,22,9,41%,0,0,2,229,12.72,2,22,,,,0,0,7,7,10,,9,4,5,1,,,,,,,
Cenk Tosun,52,10,0.19,5,3,2,0,0,71,30,42%,0,6,3,628,12.08,4,15,,,,4,0,51,19,23,,12,6,16,11,,,,,,,
Ferran Torres,8,1,0.12,0,1,0,0,0,14,6,43%,0,2,1,124,15.5,0,9,,,,1,0,5,2,2,,5,0,0,0,,,,,,,
Fikayo Tomori,17,1,,0,1,0,,,,,,0,,0,"1,193",70.18,0,4,25%,3,43,3,0,8,1,32,53%,1,24,53,26,102,81,49,9,34,29,0
Andros Townsend,221,22,0.1,0,5,17,1,1,342,107,31%,6,12,23,"4,959",22.44,43,987,24%,13,115,14,0,90,22,384,69%,114,186,89,22,967,"1,089","1,094",431,20,81,2
James Tomkins,263,12,,7,3,2,,,,,,6,,7,"8,210",31.22,8,51,33%,4,752,46,2,167,7,447,70%,26,443,"2,029",929,989,"1,442",817,25,823,473,7
Kieran Tierney,27,1,,0,0,1,,,,,,0,,1,"1,052",38.96,3,96,17%,0,38,3,0,13,0,28,75%,4,19,66,28,115,85,74,17,20,29,0
Lucas Torreira,63,3,0.05,0,3,0,0,0,46,12,26%,1,1,3,"2,493",39.57,3,40,28%,4,94,14,1,62,0,96,57%,10,75,53,22,327,276,212,30,32,47,0
Bobby Thomas,0,0,,0,0,0,,,,,,0,,0,0,0,0,0,0%,0,0,0,0,0,0,0,0%,0,0,0,0,0,0,0,0,0,0,0
Youri Tielemans,63,9,0.14,1,5,3,2,0,104,34,33%,2,1,10,"3,290",52.22,14,133,16%,27,186,7,0,54,1,92,49%,31,46,29,12,353,281,263,56,49,49,0
Thiago Silva,9,1,,1,0,0,,,,,,0,,0,816,90.67,0,2,2%,0,54,1,0,4,0,8,38%,0,9,32,15,44,28,19,1,11,9,1
Max Thompson,1,0,1,0,0,0,0,0,0,0,0%,0,0,0,0,1,0,0,,,,0,0,0,0,0,,0,0,0,0,,,,,,,
Thiago,2,0,2,0,0,0,0,0,3,0,3%,0,0,0,161,80.5,0,1,1%,0,13,0,0,4,0,2,50%,1,3,1,0,10,9,14,4,1,3,0
Nikola Tavares,0,0,,0,0,0,,,,,,0,,0,0,0,0,0,0%,0,0,0,0,0,0,0,0%,0,0,0,0,0,0,0,0,0,0,0
Neil Taylor,145,0,,0,0,0,,,,,,0,,5,"5,491",37.87,6,255,22%,5,214,21,0,121,3,266,76%,14,241,350,133,614,493,454,46,94,142,0
Nathan Tella,4,0,4,0,0,0,0,0,2,1,50%,0,0,0,16,4,0,0,0%,0,0,0,0,1,0,1,100%,0,0,1,0,2,8,3,1,1,1,0
James Tarkowski,132,5,,1,1,2,,,,,,1,,3,"4,144",31.39,7,15,20%,0,385,25,0,128,13,218,58%,13,174,730,435,496,925,471,34,584,252,2
Martell Taylor-Crossdale,0,0,0,0,0,0,0,0,0,0,0%,0,0,0,0,0,0,0,,,,0,0,0,0,0,,0,0,0,0,,,,,,,
Matt Targett,81,2,,1,0,1,,,,,,1,,6,"2,578",31.83,13,277,26%,8,162,11,0,48,2,133,64%,9,138,180,75,341,312,263,23,105,90,1
Kenny Tete,2,0,,0,0,0,,,,,,0,,1,47,23.5,1,12,50%,0,0,1,0,3,0,4,50%,0,4,4,3,5,8,7,0,3,0,0
Japhet Tanganga,6,0,,0,0,0,,,,,,0,,0,201,33.5,0,2,2%,0,6,1,0,8,0,17,53%,1,11,29,21,27,45,32,6,18,11,1
John Stones,166,1,,1,0,0,,,,,,1,,0,"9,242",55.67,5,18,28%,2,600,7,0,46,3,182,74%,8,195,611,347,737,674,320,98,336,174,7
Pascal Struijk,4,0,,0,0,0,,,,,,0,,0,156,39,0,0,0%,0,15,1,0,2,0,7,43%,0,4,15,6,14,10,11,1,2,5,0
Jakub Stolarczyk,0,0,,,,,,,,,,,,0,0,0,,,,,0,0,0,0,,,,,,,,,,,,,,0
Layton Stewart,0,0,0,0,0,0,0,0,0,0,0%,0,0,0,0,0,0,0,,,,0,0,0,0,0,,0,0,0,0,,,,,,,
Jordan Stevens,0,0,0,0,0,0,0,0,0,0,0%,0,0,0,0,0,0,0,0%,0,0,0,0,0,0,0,0%,0,0,0,0,0,0,0,0,0,0,0
Raheem Sterling,270,89,0.33,6,57,26,1,0,567,232,41%,20,77,46,"8,647",32.03,63,521,,,,29,1,309,100,263,,162,127,53,21,,,,,,,
Steven Sessegnon,0,0,,0,0,0,,,,,,0,,0,0,0,0,0,0%,0,0,0,0,0,0,0,0%,0,0,0,0,0,0,0,0,0,0,0
Jay Stansfield,0,0,0,0,0,0,0,0,0,0,0%,0,0,0,0,0,0,0,,,,0,0,0,0,0,,0,0,0,0,,,,,,,
Jed Steer,2,0,,,,,,,,,,,,0,32,16,,,,,6,0,0,0,,,,,,,,,,,,,,0
Jack Spong,0,0,0,0,0,0,0,0,0,0,0%,0,0,0,0,0,0,0,0%,0,0,0,0,0,0,0,0%,0,0,0,0,0,0,0,0,0,0,0
Maarten Stekelenburg,55,0,,,,,,,,,,,,0,"1,241",22.56,,,,,356,2,0,0,,,,,,,,,,,,,,6
Zack Steffen,0,0,,,,,,,,,,,,0,0,0,,,,,0,0,0,0,,,,,,,,,,,,,,0
Jason Steele,0,0,,,,,,,,,,,,0,0,0,,,,,0,0,0,0,,,,,,,,,,,,,,0
Dale Stephens,102,1,0.01,0,0,1,0,0,52,5,10%,1,0,5,"4,879",47.83,4,6,17%,7,387,20,1,139,0,269,62%,18,173,153,90,738,418,455,36,78,76,0
Tomas Soucek,26,6,0.23,3,2,1,0,0,43,15,35%,0,4,0,829,31.88,0,4,4%,0,43,1,0,36,0,52,40%,10,41,64,41,119,217,175,2,142,96,0
Son Heung-Min,173,64,0.37,4,35,25,0,0,371,160,43%,13,30,33,"4,020",23.24,36,280,,,,4,2,67,100,116,,100,60,44,19,,,,,,,
Elias Sorensen,0,0,0,0,0,0,0,0,0,0,0%,0,0,0,0,0,0,0,,,,0,0,0,0,0,,0,0,0,0,,,,,,,
Çaglar Söyüncü,44,1,,1,0,0,,,,,,0,,1,"2,812",63.91,1,6,17%,0,129,6,1,43,1,71,65%,2,57,185,92,228,244,154,19,135,80,1
Jamie Soule,0,0,0,0,0,0,0,0,0,0,0%,0,0,0,0,0,0,0,,,,0,0,0,0,0,,0,0,0,0,,,,,,,
Sokratis,44,3,,1,2,0,,,,,,1,,2,"2,416",54.91,4,1,1%,2,172,18,0,56,1,67,61%,4,43,175,82,173,227,160,11,115,73,1
Andreas Söndergaard,0,0,,,,,,,,,,,,0,0,0,,,,,0,0,0,0,,,,,,,,,,,,,,0
Emile Smith Rowe,2,0,2,0,0,0,0,0,0,0,0%,0,0,0,35,17.5,0,1,1%,0,0,0,0,0,0,1,100%,0,1,2,2,5,4,4,2,0,0,0
William Smallbone,11,0,11,0,0,0,0,0,6,0,6%,1,0,2,248,22.55,0,9,,,,0,0,4,0,13,,2,3,1,1,,,,,,,
Chris Smalling,219,12,,8,2,2,,,,,,2,,2,"8,092",36.95,3,63,35%,7,517,18,1,192,14,283,68%,32,360,"1,287",670,897,"1,082",629,59,645,324,3
Robert Snodgrass,163,26,0.16,2,1,23,2,6,250,88,35%,7,16,23,"4,719",28.95,35,"1,090",27%,36,135,30,0,199,27,265,72%,78,106,105,36,623,865,"1,119",154,158,271,0
Regan Slater,0,0,0,0,0,0,0,0,0,0,0%,0,0,0,0,0,0,0,0%,0,0,0,0,0,0,0,0%,0,0,0,0,0,0,0,0,0,0,0
Islam Slimani,40,8,0.2,5,3,0,1,0,43,17,40%,2,9,5,589,14.72,2,10,,,,2,0,30,15,14,,5,4,6,4,,,,,,,
Callum Slattery,3,0,3,0,0,0,0,0,1,0,1%,0,0,0,31,10.33,0,1,1%,0,1,0,0,4,0,4,75%,1,2,1,0,7,11,19,1,3,9,0
Ellis Simms,0,0,0,0,0,0,0,0,0,0,0%,0,0,0,0,0,0,0,,,,0,0,0,0,0,,0,0,0,0,,,,,,,
Gylfi Sigurdsson,294,62,0.21,3,46,13,10,7,614,224,36%,21,32,46,"7,946",27.03,69,"1,394",26%,95,206,20,0,200,16,358,67%,206,295,166,44,"1,035",883,"1,257",200,90,247,1
David Silva,309,60,0.19,1,9,49,0,3,552,186,34%,16,55,93,"18,801",60.84,119,955,26%,310,455,32,0,252,37,380,71%,188,220,109,20,"1,436","1,197","1,363",363,116,173,0
Josh Sims,20,0,20,0,0,0,0,0,21,9,43%,1,2,2,187,9.35,2,12,17%,0,1,0,0,4,3,8,75%,7,3,2,0,38,39,56,15,7,20,0
Oliver Skipp,15,0,15,0,0,0,0,0,2,0,2%,0,0,0,181,12.07,0,0,0%,0,6,0,0,5,0,9,56%,1,1,6,5,18,24,19,2,10,6,0
Moussa Sissoko,245,14,0.06,1,12,1,0,0,216,69,32%,3,18,24,"8,840",36.08,34,459,22%,60,274,38,2,289,24,298,78%,54,179,187,110,"1,333","1,106","1,432",392,246,346,1
Dynel Simeu,0,0,,0,0,0,,,,,,0,,0,0,0,0,0,0%,0,0,0,0,0,0,0,0%,0,0,0,0,0,0,0,0,0,0,0
Saul Shotton,0,0,,0,0,0,,,,,,0,,0,0,0,0,0,0%,0,0,0,0,0,0,0,0%,0,0,0,0,0,0,0,0,0,0,0
Djibril Sidibé,25,0,,0,0,0,,,,,,0,,4,948,37.92,4,68,26%,5,54,3,0,24,2,83,53%,5,40,33,15,148,144,106,14,30,32,0
Luke Shaw,164,1,,0,0,1,,,,,,2,,8,"7,017",42.79,15,449,22%,9,174,31,1,147,8,288,73%,31,172,478,233,726,859,654,171,271,202,1
Jonjo Shelvey,220,20,0.09,1,16,3,2,1,380,117,31%,12,17,23,"9,133",41.51,31,627,24%,67,"1,011",34,4,184,12,272,70%,107,203,181,63,"1,142",597,626,142,114,106,3
Billy Sharp,32,4,0.12,1,2,1,1,0,19,9,47%,1,6,2,250,7.81,5,14,,,,1,1,23,16,7,,3,1,3,3,,,,,,,
Conor Shaughnessy,0,0,0,0,0,0,0,0,0,0,0%,0,0,0,0,0,0,0,0%,0,0,0,0,0,0,0,0%,0,0,0,0,0,0,0,0,0,0,0
Xherdan Shaqiri,117,22,0.19,1,3,18,0,3,187,64,34%,4,10,19,"3,067",26.21,33,556,26%,56,175,12,0,80,30,72,56%,50,43,15,8,453,335,472,122,16,49,0
Meritan Shabani,0,0,0,0,0,0,0,0,0,0,0%,0,0,0,0,0,0,0,0%,0,0,0,0,0,0,0,0%,0,0,0,0,0,0,0,0,0,0,0
Sean Longstaff,41,2,0.05,0,1,1,0,0,39,12,31%,2,1,1,"1,153",28.12,3,49,31%,1,86,6,1,32,0,58,59%,11,35,34,10,146,141,160,14,28,42,2
Jamie Shackleton,5,0,5,0,0,0,0,0,0,0,0%,0,0,0,72,14.4,0,1,100%,0,1,0,0,1,1,3,67%,0,5,2,1,7,6,6,1,0,2,0
Jean Michael Seri,32,1,0.03,0,1,0,0,0,19,6,32%,1,1,2,"1,592",49.75,7,108,36%,2,98,6,0,32,1,41,68%,7,32,14,6,158,93,112,16,14,20,2
Jeffrey Schlupp,157,12,,1,3,8,,,,,,0,,8,"3,311",21.09,11,209,18%,4,166,16,0,116,3,286,70%,46,184,219,118,606,813,814,184,223,281,1
Romaine Sawyers,11,0,11,0,0,0,0,0,2,0,2%,0,0,0,411,37.36,0,0,0%,0,22,2,0,10,0,16,44%,0,14,4,4,59,38,37,4,9,2,0
Matija Sarkic,0,0,,,,,,,,,,,,0,0,0,,,,,0,0,0,0,,,,,,,,,,,,,,0
Fabian Schär,53,6,,1,3,2,,,,,,0,,1,"1,978",37.32,1,31,10%,5,248,17,0,64,3,105,59%,7,122,218,110,251,279,260,31,100,113,2
Kasper Schmeichel,222,0,,,,,,,,,,,,0,"6,489",29.23,,,,,"1,958",11,0,0,,,,,,,,,,,,,,6
Malang Sarr,0,0,,0,0,0,,,,,,0,,0,0,0,0,0,0%,0,0,0,0,0,0,0,0%,0,0,0,0,0,0,0,0,0,0,0
Dane Scarlett,0,0,0,0,0,0,0,0,0,0,0%,0,0,0,0,0,0,0,,,,0,0,0,0,0,,0,0,0,0,,,,,,,
Dion Sanderson,0,0,,0,0,0,,,,,,0,,0,0,0,0,0,0%,0,0,0,0,0,0,0,0%,0,0,0,0,0,0,0,0,0,0,0
Austin Samuels,0,0,0,0,0,0,0,0,0,0,0%,0,0,0,0,0,0,0,,,,0,0,0,0,0,,0,0,0,0,,,,,,,
Leroy Sané,90,25,0.28,0,1,23,0,0,148,58,39%,7,17,28,"2,636",29.29,31,243,,,,9,0,47,37,86,,40,38,13,5,,,,,,,
Max Sanders,0,0,0,0,0,0,0,0,0,0,0%,0,0,0,0,0,0,0,0%,0,0,0,0,0,0,0,0%,0,0,0,0,0,0,0,0,0,0,0
Robert Sánchez,2,0,,,,,,,,,,,,0,59,29.5,,,,,13,0,0,0,,,,,,,,,,,,,,0
Ezequiel Schelotto,28,0,,0,0,0,,,,,,0,,0,576,20.57,1,48,13%,1,35,5,0,15,1,24,67%,3,26,64,37,99,92,86,20,33,21,0
Mamadou Sakho,128,3,,1,1,1,,,,,,3,,2,"5,989",46.79,2,6,33%,2,282,6,1,41,1,146,72%,4,200,701,442,858,540,356,49,301,229,3
Mohammed Salisu,0,0,,0,0,0,,,,,,0,,0,0,0,0,0,0%,0,0,0,0,0,0,0,0%,0,0,0,0,0,0,0,0,0,0,0
William Saliba,0,0,,0,0,0,,,,,,0,,0,0,0,0,0,0%,0,0,0,0,0,0,0,0%,0,0,0,0,0,0,0,0,0,0,0
Bukayo Saka,38,2,0.05,1,0,1,0,0,34,12,35%,1,5,5,"1,019",26.82,6,111,,,,6,0,26,14,44,,10,20,19,11,,,,,,,
Mbwana Samatta,14,1,0.07,1,0,0,0,0,17,3,18%,0,3,0,172,12.29,1,3,,,,1,0,9,8,6,,5,1,6,2,,,,,,,
Henri Saivet,5,1,0.2,0,1,0,0,1,1,1,100%,0,0,0,106,21.2,0,2,2%,0,4,0,0,1,0,18,67%,0,9,10,3,24,23,20,1,3,7,1
Allan Saint-Maximin,34,4,0.12,1,3,0,0,0,53,25,47%,2,5,5,584,17.18,10,55,,,,0,0,21,3,22,,15,10,5,1,,,,,,,
Romain Saïss,60,5,0.08,3,1,1,0,0,41,16,39%,1,6,1,"2,740",45.67,4,24,17%,1,223,17,1,76,2,104,66%,7,97,210,113,303,356,244,16,203,114,0
Ryan Sessegnon,41,2,,0,1,1,,,,,,1,,6,846,20.63,6,79,18%,5,18,0,0,24,17,29,62%,6,22,48,19,156,113,177,36,24,45,0
Rui Patrício,88,0,,,,,,,,,,,,0,"1,730",19.66,,,,,616,0,0,0,,,,,,,,,,,,,,3
Antonio Rüdiger,81,5,,5,0,0,,,,,,1,,1,"5,846",72.17,5,18,6%,14,367,14,0,74,3,95,59%,15,72,255,139,524,345,292,15,201,156,1
Mat Ryan,121,0,,,,,,,,,,,,0,"3,549",29.33,,,,,"1,012",3,0,2,,,,,,,,,,,,,,2
Rúnar Alex Rúnarsson,0,0,,,,,,,,,,,,0,0,0,,,,,0,0,0,0,,,,,,,,,,,,,,0
Danny Rose,194,9,,1,1,7,,,,,,3,,17,"7,359",37.93,21,615,18%,7,333,49,2,245,9,445,78%,39,310,431,230,948,"1,214",855,201,200,158,5
Rúben Vinagre,35,0,,0,0,0,,,,,,0,,0,608,17.37,3,86,21%,1,16,2,0,21,1,44,61%,2,27,32,15,111,112,123,35,17,30,0
John Ruddy,119,0,,,,,,,,,,,,0,"2,580",21.68,,,,,736,3,1,1,,,,,,,,,,,,,,12
Rúben Neves,86,6,0.07,0,6,0,2,2,153,29,19%,2,0,5,"4,597",53.45,8,64,20%,19,511,20,0,78,0,158,49%,61,144,94,40,655,296,329,34,69,69,0
Sergio Romero,7,0,,,,,,,,,,,,0,181,25.86,,,,,54,0,0,0,,,,,,,,,,,,,,0
Oriol Romeu,194,5,0.03,0,4,1,0,0,123,27,22%,2,3,1,"8,608",44.37,14,22,36%,10,458,52,0,268,5,514,68%,42,344,262,106,"1,223","1,079",982,100,322,298,0
Rúben Dias,10,0,,0,0,0,,,,,,0,,0,818,81.8,0,0,0%,0,27,2,0,8,1,4,50%,1,5,26,14,49,33,17,1,20,8,0
Jay Rodriguez,186,41,0.22,8,25,7,2,0,383,141,37%,10,35,12,"2,915",15.67,15,135,,,,12,0,161,102,159,,91,84,114,78,,,,,,,
Jack Rodwell,167,10,0.06,4,3,3,0,0,210,58,28%,2,13,4,"3,881",23.24,2,67,13%,11,271,26,1,135,7,212,78%,63,113,227,79,482,470,423,49,148,114,2
Rodrigo,28,3,0.11,1,1,1,0,0,44,14,32%,5,1,1,403,14.39,6,35,,,,0,0,16,2,20,,10,13,7,4,,,,,,,
Marek Rodák,1,0,,,,,,,,,,,,0,25,25,,,,,8,0,0,0,,,,,,,,,,,,,,0
Marcos Rojo,76,1,,0,0,1,,,,,,0,,1,"3,503",46.09,1,83,22%,2,238,23,0,81,2,140,71%,14,130,383,213,358,351,264,26,154,113,1
Hal Robson-Kanu,80,12,0.15,3,2,7,1,0,76,30,39%,2,5,3,694,8.68,2,101,,,,5,1,81,13,22,,17,29,36,21,,,,,,,
Roderick Miranda,0,0,,0,0,0,,,,,,0,,0,0,0,0,0,0%,0,0,0,0,0,0,0,0%,0,0,0,0,0,0,0,0,0,0,0
Andrew Robertson,164,5,,2,0,3,,,,,,3,,36,"9,139",55.73,44,745,17%,8,348,20,0,89,13,280,64%,20,195,302,120,942,554,508,120,100,105,2
Antonee Robinson,10,0,,0,0,0,,,,,,0,,0,433,43.3,2,39,28%,0,8,2,0,9,0,21,57%,0,17,33,21,61,62,37,19,18,7,0
Haydon Roberts,0,0,,0,0,0,,,,,,0,,0,0,0,0,0,0%,0,0,0,0,0,0,0,0%,0,0,0,0,0,0,0,0,0,0,0
Joe Rodon,4,0,,0,0,0,,,,,,0,,0,49,12.25,0,0,0%,0,3,0,0,0,0,0,0%,0,3,7,5,4,3,6,0,2,6,0
Matt Ritchie,131,11,0.08,1,1,9,1,0,208,52,25%,5,7,20,"4,181",31.92,28,769,25%,16,223,24,0,161,8,193,68%,77,152,177,83,645,517,659,58,117,216,1
Roberto Firmino,188,60,0.32,15,30,14,2,0,449,193,43%,12,56,37,"6,592",35.06,52,164,,,,8,0,215,62,269,,129,76,65,49,,,,,,,
Jairo Riedewald,39,1,0.03,0,0,1,0,0,6,1,17%,0,0,0,670,17.18,0,9,33%,1,37,0,0,10,0,38,58%,3,36,37,16,90,66,48,15,8,9,0
Richarlison,119,33,0.28,7,14,11,1,0,297,96,32%,8,30,11,"2,635",22.14,24,166,,,,19,2,121,61,207,,82,55,113,81,,,,,,,
Lewis Richardson,0,0,0,0,0,0,0,0,0,0,0%,0,0,0,0,0,0,0,,,,0,0,0,0,0,,0,0,0,0,,,,,,,
Taylor Richards,0,0,0,0,0,0,0,0,0,0,0%,0,0,0,0,0,0,0,0%,0,0,0,0,0,0,0,0%,0,0,0,0,0,0,0,0,0,0,0
Rhys Williams,1,0,,0,0,0,,,,,,0,,0,78,78,0,0,0%,1,2,0,0,0,0,0,0%,0,3,3,3,4,8,0,0,7,0,0
Winston Reid,166,6,,4,1,1,,,,,,2,,3,"4,877",29.38,3,15,20%,3,470,38,1,170,4,242,79%,14,348,"1,301",671,660,801,508,16,377,232,0
Ricardo Pereira,63,5,,0,3,2,,,,,,1,,8,"3,104",49.27,15,164,15%,7,102,8,0,86,2,237,57%,13,109,180,93,387,557,459,128,108,123,0
Declan Rice,112,3,,1,2,0,,,,,,5,,4,"4,473",39.94,3,46,26%,4,309,12,0,73,3,273,57%,16,184,189,88,767,537,405,90,154,128,1
Sergio Reguilón,9,0,,0,0,0,,,,,,0,,2,382,42.44,2,17,18%,0,18,2,0,9,0,16,56%,4,7,21,11,49,32,43,4,4,11,0
Harrison Reed,27,0,27,0,0,0,0,0,7,3,43%,0,0,1,744,27.56,1,13,31%,0,20,2,0,14,0,42,81%,1,35,19,6,80,71,87,4,8,24,0
Tim Ream,44,0,,0,0,0,,,,,,0,,1,"1,767",40.16,1,3,33%,0,86,2,0,18,0,46,57%,0,69,212,69,201,140,129,8,75,76,1
Marcus Rashford,153,47,0.31,4,37,6,6,1,325,142,44%,10,43,25,"3,255",21.27,28,263,,,,13,1,97,58,77,,81,38,71,35,,,,,,,
Nathan Redmond,215,26,0.12,1,21,3,0,0,390,130,33%,15,17,18,"5,916",27.52,37,531,23%,27,248,12,1,160,48,259,64%,109,113,74,22,918,946,"1,136",425,69,189,1
Darren Randolph,31,0,,,,,,,,,,,,0,839,27.06,,,,,309,1,0,0,,,,,,,,,,,,,,5
Kayne Ramsay,1,0,,0,0,0,,,,,,0,,0,14,14,0,0,0%,0,0,0,0,0,0,0,0%,0,0,7,3,2,2,0,0,2,0,0
Aaron Ramsdale,49,0,,,,,,,,,,,,1,"1,270",25.92,,,,,313,0,0,0,,,,,,,,,,,,,,2
Jacob Ramsey,2,0,2,0,0,0,0,0,2,0,2%,0,0,0,27,13.5,0,2,2%,0,2,0,0,3,0,1,100%,0,0,1,1,10,7,10,2,1,1,0
Raphinha,8,1,0.12,0,0,1,0,0,21,4,19%,1,0,0,189,23.62,1,28,,,,2,0,4,3,9,,5,5,5,3,,,,,,,
Christian Pulisic,31,10,0.32,2,4,4,0,0,72,28,39%,1,8,4,794,25.61,6,41,12%,4,22,0,0,16,3,29,48%,20,10,11,5,96,157,217,67,24,54,0
Arnau Puigmal,0,0,0,0,0,0,0,0,0,0,0%,0,0,0,0,0,0,0,0%,0,0,0,0,0,0,0,0%,0,0,0,0,0,0,0,0,0,0,0
Dennis Praet,38,2,0.05,0,2,0,0,0,22,5,23%,1,0,3,751,19.76,4,36,14%,3,24,2,0,28,1,44,50%,11,23,15,7,106,83,120,18,7,21,0
Nick Pope,83,0,,,,,,,,,,,,0,"2,372",28.58,,,,,725,4,0,2,,,,,,,,,,,,,,3
Davy Pröpper,100,2,0.02,1,1,0,0,0,80,15,19%,2,6,7,"4,384",43.84,7,67,15%,7,258,8,1,105,3,187,57%,22,151,134,54,673,456,472,112,112,89,2
Ian Poveda-Ocampo,7,0,7,0,0,0,0,0,5,3,60%,0,0,0,54,7.71,2,6,,,,0,0,3,1,3,,2,0,0,0,,,,,,,
Pedro Porro,0,0,,0,0,0,,,,,,0,,0,0,0,0,0,0%,0,0,0,0,0,0,0,0%,0,0,0,0,0,0,0,0,0,0,0
Sandro Ramírez,8,0,8,0,0,0,0,0,9,1,11%,0,0,0,82,10.25,0,6,,,,0,0,1,1,2,,3,1,0,0,,,,,,,
Brandon Pierrick,2,0,2,0,0,0,0,0,0,0,0%,0,0,0,7,3.5,0,2,,,,0,0,0,0,0,,0,0,1,1,,,,,,,
Paul Pogba,120,26,0.22,4,20,2,7,0,306,112,37%,11,21,26,"7,464",62.2,21,109,14%,68,568,19,1,206,14,165,67%,83,89,123,81,759,867,807,250,236,170,1
Erik Pieters,197,1,,0,0,1,,,,,,0,,11,"6,922",35.14,17,456,18%,5,309,34,0,306,5,543,73%,11,357,621,312,906,"1,153",900,65,325,231,4
Taylor Perry,0,0,0,0,0,0,0,0,0,0,0%,0,0,0,0,0,0,0,0%,0,0,0,0,0,0,0,0%,0,0,0,0,0,0,0,0,0,0,0
Kalvin Phillips,10,0,10,0,0,0,0,0,6,2,33%,0,0,2,603,60.3,1,34,35%,1,65,4,0,12,0,27,63%,1,19,15,3,85,56,57,6,6,17,0
Ayoze Pérez,183,42,0.23,6,30,6,1,0,284,117,41%,5,22,13,"3,547",19.38,26,199,,,,10,0,187,49,249,,66,141,97,42,,,,,,,
Jordan Pickford,156,0,,,,,,,,,,,,0,"4,837",31.01,,,,,"1,343",3,0,3,,,,,,,,,,,,,,14
Pepe Reina,297,0,,,,,,,,,,,,4,"5,868",19.76,,,,,"1,686",10,2,4,,,,,,,,,,,,,,10
Facundo Pellistri,0,0,0,0,0,0,0,0,0,0,0%,0,0,0,0,0,0,0,0%,0,0,0,0,0,0,0,0%,0,0,0,0,0,0,0,0,0,0,0
Lee Peltier,21,0,,0,0,0,,,,,,0,,0,343,16.33,0,6,50%,0,21,5,0,15,0,39,64%,0,18,54,29,71,78,54,3,30,26,0
Nicolas Pépé,40,6,0.15,0,0,6,1,0,61,22,36%,4,2,6,807,20.18,8,128,,,,4,1,18,4,35,,15,10,4,2,,,,,,,
Matthew Pennington,7,1,,0,1,0,,,,,,0,,0,242,34.57,0,2,2%,0,15,1,0,3,0,3,67%,0,12,28,11,36,14,11,3,8,4,0
Pedro Neto,42,7,0.17,0,2,5,0,0,41,15,37%,0,3,5,739,17.6,9,125,,,,3,0,24,7,17,,13,24,5,2,,,,,,,
Mario Pasalic,0,0,0,0,0,0,0,0,0,0,0%,0,0,0,0,0,0,0,0%,0,0,0,0,0,0,0,0%,0,0,0,0,0,0,0,0,0,0,0
Myles Peart-Harris,0,0,0,0,0,0,0,0,0,0,0%,0,0,0,0,0,0,0,0%,0,0,0,0,0,0,0,0%,0,0,0,0,0,0,0,0,0,0,0
Bailey Peacock-Farrell,1,0,,,,,,,,,,,,0,31,31,,,,,10,0,0,0,,,,,,,,,,,,,,0
Pedro,137,29,0.21,2,13,14,0,0,251,88,35%,4,11,16,"3,953",28.85,17,282,,,,13,0,90,36,147,,61,84,31,8,,,,,,,
Troy Parrott,2,0,2,0,0,0,0,0,0,0,0%,0,0,0,4,2,0,0,,,,0,0,0,0,0,,0,0,0,0,,,,,,,
David Parkhouse,0,0,0,0,0,0,0,0,0,0,0%,0,0,0,0,0,0,0,,,,0,0,0,0,0,,0,0,0,0,,,,,,,
Erik Palmer-Brown,0,0,,0,0,0,,,,,,0,,0,0,0,0,0,0%,0,0,0,0,0,0,0,0%,0,0,0,0,0,0,0,0,0,0,0
Thomas Partey,5,0,5,0,0,0,0,0,5,2,40%,0,1,0,192,38.4,0,1,1%,0,13,1,0,4,0,10,60%,0,4,2,1,20,25,13,8,4,1,0
Pablo Hernández,62,5,0.08,0,4,1,0,0,83,21,25%,2,3,15,"2,456",39.61,13,187,17%,25,139,5,0,29,10,57,67%,24,54,26,7,209,162,258,56,6,33,0
Mesut Özil,184,33,0.18,4,4,25,0,1,205,92,45%,7,26,54,"11,186",60.79,65,834,35%,121,276,13,0,95,83,161,68%,58,75,37,13,778,625,744,248,28,83,2
Cole Palmer,0,0,0,0,0,0,0,0,0,0,0%,0,0,0,0,0,0,0,0%,0,0,0,0,0,0,0,0%,0,0,0,0,0,0,0,0,0,0,0
Alex Oxlade-Chamberlain,196,16,0.08,0,14,2,0,0,237,65,27%,8,11,22,"4,570",23.32,27,421,20%,53,250,10,0,104,13,188,74%,87,133,75,25,566,707,704,344,76,131,3
Daniel Oyegoke,0,0,,0,0,0,,,,,,0,,0,0,0,0,0,0%,0,0,0,0,0,0,0,0%,0,0,0,0,0,0,0,0,0,0,0
Owen Otasowie,1,0,1,0,0,0,0,0,1,0,1%,0,0,1,16,16,0,0,0%,0,0,0,0,1,0,2,100%,0,3,0,0,3,6,5,0,3,3,0
Ben Osborn,20,0,20,0,0,0,0,0,5,2,40%,0,0,0,392,19.6,2,37,22%,2,12,0,0,13,1,25,52%,2,8,11,6,69,50,55,7,9,11,0
Nicolás Otamendi,136,8,,5,3,0,,,,,,2,,1,"9,366",68.87,3,7,14%,8,432,31,0,118,1,269,68%,21,286,649,388,707,766,476,32,388,246,5
Josh Onomah,15,0,15,0,0,0,0,0,4,2,50%,0,0,0,109,7.27,0,5,5%,0,0,0,0,4,1,10,90%,1,1,2,0,8,17,17,3,3,2,0
Divock Origi,93,19,0.2,6,11,2,0,0,89,39,44%,4,8,6,865,9.3,3,68,,,,1,0,47,26,34,,22,7,9,3,,,,,,,
Jerome Opoku,0,0,,0,0,0,,,,,,0,,0,0,0,0,0,0%,0,0,0,0,0,0,0,0%,0,0,0,0,0,0,0,0,0,0,0
James Olayinka,0,0,0,0,0,0,0,0,0,0,0%,0,0,0,0,0,0,0,0%,0,0,0,0,0,0,0,0%,0,0,0,0,0,0,0,0,0,0,0
Robin Olsen,2,0,,,,,,,,,,,,0,48,24,,,,,14,0,0,0,,,,,,,,,,,,,,0
Angelo Ogbonna,148,6,,4,0,1,,,,,,1,,1,"4,983",33.67,3,10,60%,3,362,18,0,101,1,181,67%,10,217,739,399,626,667,406,27,399,237,2
Jubril Okedina,0,0,,0,0,0,,,,,,0,,0,0,0,0,0,0%,0,0,0,0,0,0,0,0%,0,0,0,0,0,0,0,0,0,0,0
Denis Odoi,34,0,,0,0,0,,,,,,0,,1,"1,500",44.12,1,18,28%,2,75,5,0,44,1,51,73%,1,47,149,62,210,164,133,17,61,58,0
Michael Obafemi,29,4,0.14,0,3,1,0,0,20,8,40%,0,4,3,159,5.48,3,3,,,,2,0,13,4,8,,7,7,0,0,,,,,,,
Aiden O'Neill,3,0,3,0,0,0,0,0,1,0,1%,0,0,0,51,17,0,1,1%,0,2,0,0,1,0,2,50%,1,0,1,1,5,3,6,0,1,1,0
Warren O'Hora,0,0,,0,0,0,,,,,,0,,0,0,0,0,0,0%,0,0,0,0,0,0,0,0%,0,0,0,0,0,0,0,0,0,0,0
Ørjan Nyland,7,0,,,,,,,,,,,,0,152,21.71,,,,,35,0,0,0,,,,,,,,,,,,,,0
Sheyi Ojo,8,0,8,0,0,0,0,0,5,1,20%,0,0,3,140,17.5,2,19,21%,0,3,0,0,3,0,9,78%,3,2,1,0,26,32,31,13,2,6,1
Jack O'Connell,35,0,,0,0,0,,,,,,0,,1,"1,634",46.69,6,52,21%,1,129,4,0,22,3,26,58%,3,44,151,80,192,190,124,9,140,76,1
Matt O'Riley,0,0,0,0,0,0,0,0,0,0,0%,0,0,0,0,0,0,0,0%,0,0,0,0,0,0,0,0%,0,0,0,0,0,0,0,0,0,0,0
Dara O'Shea,8,0,,0,0,0,,,,,,0,,0,271,33.88,0,1,1%,0,33,0,0,5,0,17,47%,1,12,28,17,30,47,27,2,21,12,0
Oliver Norwood,46,1,0.02,0,1,0,1,0,17,6,35%,0,0,1,"2,284",49.65,6,224,25%,1,247,9,0,36,1,73,53%,5,53,44,23,308,146,153,9,47,32,0
Will Norris,1,0,,,,,,,,,,,,0,0,1,,,,,0,0,0,0,,,,,,,,,,,,,,0
Magnus Norman,0,0,,,,,,,,,,,,0,0,0,,,,,0,0,0,0,,,,,,,,,,,,,,0
Rhys Norrington-Davies,0,0,,0,0,0,,,,,,0,,0,0,0,0,0,0%,0,0,0,0,0,0,0,0%,0,0,0,0,0,0,0,0,0,0,0
Felix Nmecha,0,0,0,0,0,0,0,0,0,0,0%,0,0,0,0,0,0,0,0%,0,0,0,0,0,0,0,0%,0,0,0,0,0,0,0,0,0,0,0
Eddie Nketiah,32,4,0.12,0,2,2,0,0,23,10,43%,4,3,1,221,6.91,2,1,,,,0,1,24,5,10,,5,2,11,5,,,,,,,
Niels Nkounkou,1,0,,0,0,0,,,,,,0,,0,23,23,0,4,25%,0,1,1,0,1,0,4,75%,0,0,4,2,2,5,7,1,0,0,0
Reiss Nelson,22,1,0.05,0,1,0,0,0,14,4,29%,0,0,0,303,13.77,0,36,,,,1,0,10,4,16,,5,7,3,0,,,,,,,
Nélson Semedo,11,0,,0,0,0,,,,,,0,,0,499,45.36,0,23,22%,0,29,1,0,18,0,27,70%,1,11,29,15,54,80,63,30,12,12,0
Wilfred Ndidi,125,6,0.05,1,4,1,0,0,155,24,15%,5,4,5,"6,333",50.66,3,28,4%,15,291,20,2,192,5,492,62%,42,257,300,147,"1,041","1,080",875,104,401,333,1
Tanguy Ndombele,32,3,0.09,0,1,2,0,0,15,7,47%,0,1,3,966,30.19,3,14,14%,7,24,5,0,23,0,35,60%,5,22,11,4,104,140,110,56,9,15,0
Mark Noble,388,46,0.12,0,44,2,27,2,332,114,34%,7,3,35,"17,878",46.08,35,958,32%,105,"1,486",82,5,381,27,861,70%,91,567,264,71,"2,334","1,609","1,536",243,99,131,3
Neco Williams,10,0,,0,0,0,,,,,,0,,0,277,27.7,0,26,15%,1,13,2,0,7,0,7,71%,6,13,6,3,27,30,27,10,8,7,0
Shkodran Mustafi,101,7,,6,1,0,,,,,,2,,4,"5,956",58.97,5,45,20%,13,275,28,0,118,7,198,73%,14,195,534,348,458,674,417,26,416,218,3
Glenn Murray,148,37,0.25,10,23,4,10,0,201,86,43%,4,32,6,"1,966",13.28,12,34,,,,20,1,225,117,64,,35,18,86,54,,,,,,,
Jacob Murphy,41,2,0.05,0,2,0,0,1,31,9,29%,0,1,3,444,10.83,5,74,19%,1,17,2,0,21,1,28,68%,10,13,22,6,119,108,156,53,12,31,0
Daniel N'Lundulu,3,0,3,0,0,0,0,0,0,0,0%,0,0,0,5,1.67,0,0,,,,0,0,1,0,0,,0,0,1,0,,,,,,,
Admiral Muskwe,0,0,0,0,0,0,0,0,0,0,0%,0,0,0,0,0,0,0,,,,0,0,0,0,0,,0,0,0,0,,,,,,,
Yoshinori Muto,25,1,0.04,0,0,1,0,0,7,3,43%,0,2,0,145,5.8,0,5,,,,1,0,15,5,11,,1,5,3,2,,,,,,,
Marvelous Nakamba,32,0,32,0,0,0,0,0,8,2,25%,0,0,0,793,24.78,0,4,4%,0,24,6,0,27,0,56,52%,0,39,32,7,157,116,111,14,23,29,1
Mason Mount,49,8,0.16,0,8,0,0,1,102,37,36%,4,10,7,"1,823",37.2,12,179,27%,3,48,5,0,51,5,62,50%,36,29,23,9,189,184,267,56,18,61,0
Lys Mousset,90,9,0.1,1,6,2,0,0,82,24,29%,1,12,4,594,6.6,10,19,,,,3,0,48,21,25,,25,8,17,10,,,,,,,
Arijanet Muric,0,0,,,,,,,,,,,,0,0,0,,,,,0,0,0,0,,,,,,,,,,,,,,0
Ravel Morrison,18,3,0.17,0,2,1,0,0,22,4,18%,0,1,2,554,30.78,0,10,10%,4,53,5,0,13,2,16,88%,6,11,4,2,69,75,86,33,8,17,0
Joel Mumbongo,0,0,0,0,0,0,0,0,0,0,0%,0,0,0,0,0,0,0,,,,0,0,0,0,0,,0,0,0,0,,,,,,,
Victor Moses,220,20,0.09,3,12,5,1,0,323,92,28%,8,22,18,"4,627",21.03,25,578,20%,20,138,16,0,169,54,217,76%,91,153,109,61,805,945,"1,042",353,118,210,0
Wes Morgan,170,8,,5,1,2,,,,,,0,,2,"4,439",26.11,1,6,33%,2,221,12,3,129,5,200,67%,22,313,880,527,586,797,493,44,503,310,2
Pablo Moreno,0,0,0,0,0,0,0,0,0,0,0%,0,0,0,0,0,0,0,,,,0,0,0,0,0,,0,0,0,0,,,,,,,
Simon Moore,2,0,,,,,,,,,,,,0,44,22,,,,,10,0,0,0,,,,,,,,,,,,,,1
Aaron Mooy,96,9,0.09,0,6,3,2,1,105,29,28%,2,3,6,"4,150",43.23,13,431,23%,10,206,10,1,65,3,201,63%,37,76,96,26,604,377,431,76,63,91,0
Jayson Molumby,1,0,1,0,0,0,0,0,0,0,0%,0,0,0,1,1,0,0,0%,0,0,0,0,0,0,0,0%,0,0,0,0,0,0,0,0,0,0,0
Álvaro Morata,47,16,0.34,7,6,3,0,0,114,50,44%,1,27,6,805,17.13,4,22,,,,10,0,60,49,21,,25,6,26,17,,,,,,,
Jan Mlakar,0,0,0,0,0,0,0,0,0,0,0%,0,0,0,0,0,0,0,,,,0,0,0,0,0,,0,0,0,0,,,,,,,
Henrikh Mkhitaryan,78,13,0.17,1,8,4,0,0,120,46,38%,2,8,14,"2,620",33.59,27,199,17%,32,74,5,0,71,16,84,74%,33,53,29,14,331,282,414,81,52,73,0
Jakub Moder,0,0,0,0,0,0,0,0,0,0,0%,0,0,0,0,0,0,0,0%,0,0,0,0,0,0,0,0%,0,0,0,0,0,0,0,0,0,0,0
Mohamed Elneny,53,0,53,0,0,0,0,0,46,5,11%,0,2,3,"2,869",54.13,2,31,13%,4,93,8,1,26,2,60,55%,22,48,49,20,245,119,128,12,20,43,0
Tyrick Mitchell,10,0,,0,0,0,,,,,,0,,0,263,26.3,0,11,36%,0,11,2,0,7,0,28,54%,0,6,15,5,33,34,37,1,1,11,0
Aleksandar Mitrovic,88,23,0.26,11,10,2,4,0,246,89,36%,8,28,9,"1,988",22.59,9,16,,,,13,2,129,52,49,,52,14,90,78,,,,,,,
Yerry Mina,53,4,,3,1,0,,,,,,0,,1,"2,521",47.57,2,4,4%,1,173,7,0,44,3,63,59%,8,54,194,114,225,273,168,6,184,112,2
Takumi Minamino,17,0,17,0,0,0,0,0,11,4,36%,0,1,0,218,12.82,0,3,,,,0,0,10,1,7,,4,1,4,0,,,,,,,
James Milner,546,55,0.1,1,38,8,17,4,497,151,30%,7,14,85,"16,340",29.93,47,"2,264",23%,110,890,65,3,442,45,810,78%,175,438,427,128,"1,770","1,858","2,243",312,341,520,2
Tyrone Mings,60,4,,1,0,3,,,,,,0,,3,"2,375",39.58,2,10,40%,0,194,10,0,32,4,37,81%,1,54,288,131,325,197,128,21,114,79,2
Mohamed Salah,133,86,0.65,4,11,71,12,0,481,220,46%,12,60,31,"3,696",27.79,46,205,,,,4,0,67,70,65,,119,25,14,7,,,,,,,
Martín Montoya,52,0,,0,0,0,,,,,,1,,2,"1,862",35.81,4,80,36%,2,86,9,0,56,4,115,56%,5,72,94,38,185,211,200,22,46,46,0
Liam Millar,0,0,0,0,0,0,0,0,0,0,0%,0,0,0,0,0,0,0,,,,0,0,0,0,0,,0,0,0,0,,,,,,,
Luka Milivojevic,128,27,0.21,0,27,0,21,3,150,55,37%,5,4,4,"5,893",46.04,8,388,27%,10,411,37,1,215,2,274,64%,43,232,215,96,764,622,616,58,173,139,4
Kamil Miazek,0,0,,,,,,,,,,,,0,0,0,,,,,0,0,0,0,,,,,,,,,,,,,,0
Matt Miazga,2,0,,0,0,0,,,,,,0,,0,90,45,0,0,0%,0,3,1,0,1,1,3,100%,0,2,9,4,5,11,10,0,7,8,1
Teden Mengi,0,0,,0,0,0,,,,,,0,,0,0,0,0,0,0%,0,0,0,0,0,0,0,0%,0,0,0,0,0,0,0,0,0,0,0
Max Meyer,46,1,0.02,0,0,1,0,0,47,10,21%,1,0,2,864,18.78,0,33,15%,0,19,4,0,16,3,52,56%,14,22,20,4,116,111,110,19,6,25,0
Illan Meslier,13,0,,,,,,,,,,,,0,378,29.08,,,,,67,0,0,0,,,,,,,,,,,,,,1
Scott McTominay,67,6,0.09,0,4,2,0,0,52,17,33%,0,3,1,"2,288",34.15,2,25,20%,4,112,6,0,72,1,81,59%,19,75,70,43,300,330,251,45,103,76,1
Zech Medley,0,0,,0,0,0,,,,,,0,,0,0,0,0,0,0%,0,0,0,0,0,0,0,0%,0,0,0,0,0,0,0,0,0,0,0
Édouard Mendy,9,0,,,,,,,,,,,,0,262,29.11,,,,,45,0,0,1,,,,,,,,,,,,,,1
D'Mani Mellor,0,0,0,0,0,0,0,0,0,0,0%,0,0,0,0,0,0,0,,,,0,0,0,0,0,,0,0,0,0,,,,,,,
David McGoldrick,38,4,0.11,0,2,2,0,0,56,23,41%,0,15,2,796,20.95,5,13,,,,2,0,42,16,44,,10,4,26,19,,,,,,,
Giovanni McGregor,0,0,0,0,0,0,0,0,0,0,0%,0,0,0,0,0,0,0,0%,0,0,0,0,0,0,0,0%,0,0,0,0,0,0,0,0,0,0,0
Dwight McNeil,71,5,0.07,0,0,5,0,0,82,20,24%,3,2,12,"1,845",25.99,19,447,,,,8,0,47,1,98,,26,53,64,28,,,,,,,
Mark McGuinness,0,0,,0,0,0,,,,,,0,,0,0,0,0,0,0%,0,0,0,0,0,0,0,0%,0,0,0,0,0,0,0,0,0,0,0
John McGinn,38,4,0.11,0,0,4,0,0,66,22,33%,2,4,7,"1,030",27.11,6,89,24%,6,105,7,0,47,0,61,64%,15,33,23,7,216,240,236,69,22,44,0
Ben Mee,171,4,,3,1,0,,,,,,4,,4,"6,288",36.77,7,70,16%,1,653,36,0,118,6,244,60%,13,274,"1,108",667,933,"1,011",635,35,626,408,5
Sam McQueen,20,0,20,0,0,0,0,0,2,0,2%,0,0,0,364,18.2,1,41,10%,0,12,0,0,3,1,20,80%,0,18,28,13,63,46,33,2,21,12,0
James McCarthy,261,13,0.05,0,10,3,0,0,179,47,26%,4,8,12,"10,920",41.84,8,188,28%,23,842,48,1,309,2,681,73%,66,423,369,126,"1,298","1,204","1,020",124,152,168,3
George McEachran,0,0,0,0,0,0,0,0,0,0,0%,0,0,0,0,0,0,0,0%,0,0,0,0,0,0,0,0%,0,0,0,0,0,0,0,0,0,0,0
Alfie McCalmont,0,0,0,0,0,0,0,0,0,0,0%,0,0,0,0,0,0,0,0%,0,0,0,0,0,0,0,0%,0,0,0,0,0,0,0,0,0,0,0
Liam McCarron,0,0,0,0,0,0,0,0,0,0,0%,0,0,0,0,0,0,0,0%,0,0,0,0,0,0,0,0%,0,0,0,0,0,0,0,0,0,0,0
Kevin McDonald,41,1,0.02,0,1,0,0,0,19,3,16%,1,0,1,"1,285",31.34,0,19,11%,8,115,9,1,33,2,60,70%,7,43,37,11,131,117,116,10,28,13,0
James McArthur,291,23,0.08,6,10,7,0,0,217,64,29%,3,12,19,"10,479",36.01,22,142,18%,32,590,48,0,389,13,639,71%,69,407,324,112,"1,491","1,352","1,500",158,326,392,0
Oliver McBurnie,64,7,0.11,3,4,0,0,0,79,40,51%,1,17,1,988,15.44,3,15,,,,5,0,47,6,53,,11,21,59,52,,,,,,,
Alfie Mawson,80,6,,3,3,0,,,,,,2,,1,"3,439",42.99,2,6,17%,2,398,6,0,35,1,72,72%,7,84,455,259,421,382,230,42,238,147,2
Matthew Longstaff,10,2,0.2,0,2,0,0,0,4,2,50%,1,0,0,270,27,1,2,50%,1,10,1,0,6,0,3,33%,1,6,3,1,40,18,29,3,7,5,0
Neal Maupay,48,14,0.29,3,5,6,3,0,124,51,41%,1,15,4,892,18.58,5,15,,,,3,0,49,20,26,,39,7,10,4,,,,,,,
Matthew Smith,0,0,0,0,0,0,0,0,0,0,0%,0,0,0,0,0,0,0,0%,0,0,0,0,0,0,0,0%,0,0,0,0,0,0,0,0,0,0,0
Joel Matip,91,5,,4,1,0,,,,,,4,,0,"5,560",61.1,3,6,6%,6,268,10,0,55,1,142,69%,10,128,377,215,442,451,210,21,244,98,2
Juan Mata,267,51,0.19,2,7,42,2,8,365,135,37%,11,29,54,"11,548",43.25,69,"1,110",24%,90,645,19,1,135,104,197,71%,100,133,65,5,"1,101",620,904,173,23,70,1
David Martin,5,0,,,,,,,,,,,,0,111,22.2,,,,,40,1,0,0,,,,,,,,,,,,,,1
Emiliano Martínez,25,0,,,,,,,,,,,,0,678,27.12,,,,,129,2,0,1,,,,,,,,,,,,,,0
Christian Marques,0,0,,0,0,0,,,,,,0,,0,0,0,0,0,0%,0,0,0,0,0,0,0,0%,0,0,0,0,0,0,0,0,0,0,0
Pablo Marí,2,0,,0,0,0,,,,,,0,,0,100,50,0,0,0%,0,8,0,0,2,0,2,50%,0,1,9,6,9,6,4,0,4,3,0
Arthur Masuaku,90,0,,0,0,0,,,,,,0,,7,"2,948",32.76,9,229,18%,4,137,13,1,81,3,213,59%,6,107,151,71,506,552,478,198,80,83,0
Luke McCormick,0,0,0,0,0,0,0,0,0,0,0%,0,0,0,0,0,0,0,0%,0,0,0,0,0,0,0,0%,0,0,0,0,0,0,0,0,0,0,0
George Marsh,0,0,0,0,0,0,0,0,0,0,0%,0,0,0,0,0,0,0,0%,0,0,0,0,0,0,0,0%,0,0,0,0,0,0,0,0,0,0,0
Javier Manquillo,96,1,,0,1,0,,,,,,0,,5,"2,327",24.24,4,177,14%,1,81,15,0,75,11,177,66%,3,103,227,97,325,370,311,47,92,88,0
Anthony Martial,152,51,0.34,4,36,11,2,0,276,125,45%,5,26,23,"3,829",25.19,35,200,,,,8,1,131,53,78,,76,29,57,30,,,,,,,
Sadio Mané,206,88,0.43,11,53,24,0,0,474,204,43%,14,71,30,"6,418",31.16,45,293,,,,23,3,237,127,239,,95,99,56,29,,,,,,,
Solly March,102,4,0.04,2,1,1,0,0,104,29,28%,3,5,8,"2,352",23.06,14,391,21%,3,120,6,0,85,16,165,55%,34,74,75,27,411,438,515,143,56,138,0
Nemanja Matic,214,6,0.03,0,2,4,0,0,136,37,27%,3,7,19,"12,769",59.67,11,92,20%,26,751,37,3,239,14,500,69%,46,347,406,255,"1,620","1,223","1,030",242,350,242,1
Matheus Pereira,10,1,0.1,0,0,1,0,1,17,5,29%,1,0,2,322,32.2,1,39,,,,1,1,13,6,4,,5,9,10,5,,,,,,,
Marçal,9,0,,0,0,0,,,,,,0,,0,229,25.44,0,10,10%,0,16,1,0,6,0,9,44%,1,11,18,11,21,27,23,5,10,7,0
Riyad Mahrez,208,61,0.29,4,10,46,8,3,449,196,44%,11,29,41,"6,398",30.76,85,770,,,,7,0,125,45,218,,129,142,51,22,,,,,,,
Jacob Maddox,0,0,0,0,0,0,0,0,0,0,0%,0,0,0,0,0,0,0,0%,0,0,0,0,0,0,0,0%,0,0,0,0,0,0,0,0,0,0,0
Harry Maguire,150,9,,5,4,0,,,,,,4,,7,"7,955",53.03,9,35,14%,6,688,28,1,128,17,196,68%,28,253,679,426,928,951,459,109,538,210,2
Ainsley Maitland-Niles,60,1,0.02,0,1,0,0,0,15,4,27%,1,1,3,"1,957",32.62,4,59,20%,2,77,6,2,37,2,107,64%,3,68,69,31,243,228,216,60,31,39,0
Wanya Madavidua,0,0,0,0,0,0,0,0,0,0,0%,0,0,0,0,0,0,0,0%,0,0,0,0,0,0,0,0%,0,0,0,0,0,0,0,0,0,0,0
Matthew Lowton,179,2,,0,1,1,,,,,,1,,12,"5,744",32.09,19,438,19%,20,490,36,0,148,1,426,67%,6,332,714,308,777,820,624,101,202,151,2
James Maddison,79,16,0.2,0,12,4,1,4,178,50,28%,3,11,11,"3,261",41.28,22,470,29%,45,161,9,1,67,6,123,56%,61,26,11,4,322,445,368,110,19,63,0
Lucas Moura,84,15,0.18,2,10,3,0,0,111,39,35%,1,17,5,"1,752",20.86,7,47,,,,6,0,70,21,101,,30,46,55,43,,,,,,,
Ian Maatsen,0,0,,0,0,0,,,,,,0,,0,0,0,0,0,0%,0,0,0,0,0,0,0,0%,0,0,0,0,0,0,0,0,0,0,0
Jonas Lössl,69,0,,,,,,,,,,,,2,"2,290",33.19,,,,,746,2,0,0,,,,,,,,,,,,,,5
Alexis Mac Allister,13,1,0.08,0,1,0,0,0,9,2,22%,0,1,0,117,9,0,26,12%,0,2,0,0,5,1,13,54%,4,3,1,0,18,25,28,5,4,6,0
John Lundstram,45,5,0.11,0,4,1,0,0,53,14,26%,1,6,4,"1,514",33.64,9,100,18%,3,97,8,0,34,8,52,63%,13,38,50,24,195,125,174,25,31,42,0
Dejan Lovren,162,7,,4,3,0,,,,,,1,,4,"9,372",57.85,3,22,27%,5,632,25,0,114,3,243,71%,27,274,"1,010",581,715,923,509,10,585,291,6
Max Lowe,6,0,,0,0,0,,,,,,0,,0,126,21,0,17,17%,0,4,1,0,10,0,21,43%,1,4,4,1,15,31,38,3,5,13,0
Ademola Lookman,46,3,0.07,0,2,1,0,0,55,20,36%,3,6,5,691,15.02,7,27,,,,2,0,27,7,37,,16,19,11,3,,,,,,,
Matt Macey,0,0,,,,,,,,,,,,0,0,0,,,,,0,0,0,0,,,,,,,,,,,,,,0
Emmanuel Longelo,0,0,0,0,0,0,0,0,0,0,0%,0,0,0,0,0,0,0,,,,0,0,0,0,0,,0,0,0,0,,,,,,,
Ryan Longman,0,0,0,0,0,0,0,0,0,0,0%,0,0,0,0,0,0,0,,,,0,0,0,0,0,,0,0,0,0,,,,,,,
Luis Longstaff,0,0,0,0,0,0,0,0,0,0,0%,0,0,0,0,0,0,0,0%,0,0,0,0,0,0,0,0%,0,0,0,0,0,0,0,0,0,0,0
Ruben Loftus-Cheek,86,10,0.12,2,7,1,0,0,84,22,26%,1,7,6,"2,054",23.88,8,18,17%,6,54,2,0,47,6,59,69%,30,46,45,31,285,386,380,142,72,111,0
Giovani Lo Celso,38,1,0.03,0,0,1,0,0,27,8,30%,0,2,3,"1,178",31,3,72,21%,9,50,9,0,41,0,59,59%,7,10,19,9,148,167,191,35,16,33,0
Andy Lonergan,0,0,,,,,,,,,,,,0,0,0,,,,,0,0,0,0,,,,,,,,,,,,,,0
Kevin Long,40,1,,1,0,0,,,,,,1,,3,"1,239",30.98,4,2,2%,0,120,3,0,35,1,71,68%,6,39,230,124,165,258,185,3,152,121,1
Jake Livermore,187,7,0.04,0,6,1,0,0,131,32,24%,7,1,9,"6,992",37.39,11,59,19%,20,488,32,1,214,3,379,70%,41,232,171,67,930,660,699,82,115,147,0
George Lewis,0,0,0,0,0,0,0,0,0,0,0%,0,0,0,0,0,0,0,,,,0,0,0,0,0,,0,0,0,0,,,,,,,
Léo Bonatini,7,0,7,0,0,0,0,0,9,1,11%,0,2,1,57,8.14,0,4,,,,0,0,0,0,1,,2,0,0,0,,,,,,,
Jesse Lingard,133,18,0.14,2,15,1,1,0,178,69,39%,6,18,10,"3,536",26.59,18,121,16%,30,59,15,0,140,20,130,68%,53,52,34,4,336,358,526,96,19,100,0
Diego Llorente,1,0,,0,0,0,,,,,,0,,0,77,77,0,0,0%,0,3,1,0,1,0,5,60%,0,1,4,2,4,9,4,0,4,1,0
Hugo Lloris,273,0,,,,,,,,,,,,0,"6,961",25.5,,,,,"1,599",3,0,3,,,,,,,,,,,,,,19
Jonathan Leko,14,0,14,0,0,0,0,0,0,0,0%,0,0,2,65,4.64,1,13,15%,0,0,0,0,7,1,9,100%,0,6,3,0,26,36,48,18,0,6,0
Mario Lemina,55,2,0.04,0,2,0,0,0,51,10,20%,2,0,2,"1,984",36.07,3,20,20%,9,96,8,0,67,3,119,67%,13,88,68,37,279,305,235,86,59,32,1
Dylan Levitt,0,0,0,0,0,0,0,0,0,0,0%,0,0,0,0,0,0,0,0%,0,0,0,0,0,0,0,0%,0,0,0,0,0,0,0,0,0,0,0
Victor Lindelöf,92,2,,1,0,1,,,,,,0,,1,"5,003",54.38,5,4,4%,3,191,8,0,63,0,91,62%,5,75,341,170,512,349,219,18,210,133,1
Maxime Le Marchand,28,0,,0,0,0,,,,,,0,,1,"1,471",52.54,1,17,24%,1,99,7,0,31,3,58,66%,3,54,125,50,173,135,112,10,59,48,1
Thakgalo Leshabela,0,0,0,0,0,0,0,0,0,0,0%,0,0,0,0,0,0,0,0%,0,0,0,0,0,0,0,0%,0,0,0,0,0,0,0,0,0,0,0
Florian Lejeune,42,2,,0,1,1,,,,,,0,,2,"1,831",43.6,2,14,7%,5,203,3,0,34,2,66,56%,4,77,203,117,237,229,150,19,124,75,2
Valentino Lazaro,13,1,0.08,0,0,1,0,0,4,1,25%,1,0,0,170,13.08,0,13,31%,0,8,0,1,3,0,13,69%,1,3,3,1,27,25,27,8,2,6,0
Henry Lawrence,0,0,,0,0,0,,,,,,0,,0,0,0,0,0,0%,0,0,0,0,0,0,0,0%,0,0,0,0,0,0,0,0,0,0,0
Bernd Leno,75,0,,,,,,,,,,,,0,"2,154",28.72,,,,,275,2,0,0,,,,,,,,,,,,,,7
Yasser Larouci,0,0,,0,0,0,,,,,,0,,0,0,0,0,0,0%,0,0,0,0,0,0,0,0%,0,0,0,0,0,0,0,0,0,0,0
Jamaal Lascelles,115,6,,6,0,0,,,,,,0,,1,"3,894",33.86,2,7,7%,2,249,16,1,70,3,93,56%,4,130,672,376,566,504,281,15,353,175,4
Daniel Langley,0,0,,,,,,,,,,,,0,0,0,,,,,0,0,0,0,,,,,,,,,,,,,,0
Henri Lansbury,13,0,13,0,0,0,0,0,3,0,3%,0,0,0,115,8.85,0,2,50%,0,11,1,0,5,1,7,43%,1,1,2,0,14,10,16,0,2,6,0
Erik Lamela,159,16,0.1,2,1,12,0,0,209,71,34%,9,16,23,"4,081",25.67,29,380,27%,36,92,27,0,217,28,251,74%,74,106,33,17,554,647,879,198,41,128,0
Tariq Lamptey,20,1,,0,1,0,,,,,,0,,2,552,27.6,5,57,23%,1,6,4,1,34,1,26,65%,4,35,24,11,92,108,103,28,8,19,0
Aymeric Laporte,63,4,,4,0,0,,,,,,0,,3,"5,241",83.19,2,8,13%,1,282,6,0,43,2,68,50%,7,75,157,93,359,243,156,8,136,87,0
Manuel Lanzini,128,21,0.16,1,16,4,2,1,197,63,32%,2,11,13,"5,172",40.41,18,258,25%,24,138,20,0,51,21,126,67%,56,120,31,7,694,542,523,257,21,62,1
Emil Krafth,21,0,,0,0,0,,,,,,0,,1,446,21.24,1,27,7%,0,12,1,0,4,0,24,63%,1,11,55,27,54,54,40,5,17,16,0
Filip Krovinovic,10,0,10,0,0,0,0,0,8,2,25%,0,0,0,356,35.6,0,11,45%,0,14,0,0,5,0,13,77%,3,4,2,0,38,39,30,8,8,10,0
Adam Lallana,207,30,0.14,1,12,15,0,0,280,96,34%,8,24,29,"6,628",32.02,28,500,20%,48,151,17,0,150,59,323,76%,94,171,129,50,864,906,"1,119",217,123,264,0
Alexandre Lacazette,107,40,0.37,4,30,6,2,1,215,100,47%,4,35,16,"2,161",20.2,15,61,,,,13,0,142,63,98,,45,35,51,37,,,,,,,
Ethan Laird,0,0,,0,0,0,,,,,,0,,0,0,0,0,0,0%,0,0,0,0,0,0,0,0%,0,0,0,0,0,0,0,0,0,0,0
Matej Kovar,0,0,,,,,,,,,,,,0,0,0,,,,,0,0,0,0,,,,,,,,,,,,,,0
Cheikhou Kouyaté,208,14,0.07,6,7,0,0,0,173,55,32%,9,12,10,"6,280",30.19,4,107,17%,8,213,25,1,253,16,459,65%,35,317,457,284,"1,093","1,372","1,126",128,587,447,1
Mateo Kovacic,72,1,0.01,0,1,0,0,0,56,10,18%,1,2,6,"3,729",51.79,5,21,14%,19,139,11,0,45,0,118,61%,27,38,37,19,328,349,236,128,20,28,0
Robin Koch,11,0,,0,0,0,,,,,,0,,0,677,61.55,0,1,1%,0,35,0,0,14,0,18,61%,3,22,23,9,62,56,46,2,31,25,1
Terence Kongolo,45,1,,1,0,0,,,,,,0,,1,"1,460",32.44,1,38,16%,1,82,4,0,25,2,107,62%,1,97,161,69,171,239,119,17,82,49,1
Sead Kolasinac,78,2,,0,0,2,,,,,,1,,11,"3,201",41.04,18,123,20%,3,67,12,0,74,16,112,66%,11,72,111,68,365,284,264,41,97,80,1
Billy Koumetio,0,0,,0,0,0,,,,,,0,,0,0,0,0,0,0%,0,0,0,0,0,0,0,0%,0,0,0,0,0,0,0,0,0,0,0
Ezri Konsa Ngoyo,35,3,,1,2,0,,,,,,0,,2,"1,109",31.69,2,14,43%,0,55,4,0,21,2,22,55%,4,31,113,50,143,168,101,7,84,64,1
Anthony Knockaert,72,5,0.07,0,1,4,0,0,81,22,27%,2,7,7,"1,723",23.93,9,245,26%,6,83,8,2,49,11,79,68%,26,56,19,8,312,263,280,103,33,29,0
Cédric Kipré,0,0,,0,0,0,,,,,,0,,0,0,0,0,0,0%,0,0,0,0,0,0,0,0%,0,0,0,0,0,0,0,0,0,0,0
Maximilian Kilman,11,0,,0,0,0,,,,,,0,,1,426,38.73,1,0,0%,0,8,1,0,10,0,9,67%,1,10,23,9,36,32,32,3,19,20,0
Josh Knight,0,0,,0,0,0,,,,,,0,,0,0,0,0,0,0%,0,0,0,0,0,0,0,0%,0,0,0,0,0,0,0,0,0,0,0
Mateusz Klich,13,3,0.23,0,3,0,2,0,17,6,35%,0,0,4,762,58.62,3,41,20%,1,32,4,0,28,2,21,57%,4,9,8,4,76,43,78,5,8,8,0
Nya Kirby,0,0,0,0,0,0,0,0,0,0,0%,0,0,0,0,0,0,0,0%,0,0,0,0,0,0,0,0%,0,0,0,0,0,0,0,0,0,0,0
Kenedy,54,4,0.07,0,0,4,0,0,70,14,20%,5,4,3,"1,132",20.96,4,80,,,,2,0,42,7,78,,28,61,34,13,,,,,,,
Andy King,94,8,0.09,0,7,1,0,0,62,21,34%,0,4,1,"2,306",24.53,3,50,16%,3,114,9,0,41,3,136,76%,17,98,107,63,337,303,220,23,93,79,1
Jonjoe Kenny,34,0,,0,0,0,,,,,,1,,2,"1,086",31.94,3,73,23%,0,70,3,0,28,1,66,77%,2,47,108,57,138,144,122,11,62,43,0
Kiko Casilla,0,0,,,,,,,,,,,,0,0,0,,,,,0,0,0,0,,,,,,,,,,,,,,0
Moise Kean,31,2,0.06,0,2,0,0,0,31,13,42%,0,4,2,131,4.23,5,14,,,,1,0,28,4,6,,5,5,1,1,,,,,,,
Neeskens Kebano,11,0,,0,0,0,,,,,,1,,0,65,5.91,0,9,11%,0,0,0,0,3,1,3,33%,3,0,3,2,15,16,16,7,4,6,0
Michael Keane,164,7,,4,2,1,,,,,,3,,5,"6,824",41.61,7,12,25%,3,529,13,0,87,5,163,67%,18,265,"1,026",677,697,938,597,22,717,430,1
Naby Keita,49,4,0.08,1,3,0,0,0,46,18,39%,1,4,4,"1,868",38.12,6,14,14%,12,34,1,0,40,1,70,41%,16,26,17,6,211,168,191,52,20,34,0
Caoimhin Kelleher,1,0,,,,,,,,,,,,0,23,23,,,,,2,0,0,0,,,,,,,,,,,,,,0
Martin Kelly,153,0,,0,0,0,,,,,,2,,5,"3,820",24.97,2,210,17%,2,202,14,0,117,1,335,75%,8,153,641,312,509,646,518,32,240,192,6
Michal Karbownik,0,0,,0,0,0,,,,,,0,,0,0,0,0,0,0%,0,0,0,0,0,0,0,0%,0,0,0,0,0,0,0,0,0,0,0
Loris Karius,29,0,,,,,,,,,,,,0,789,27.21,,,,,124,1,0,2,,,,,,,,,,,,,,2
Beram Kayal,37,1,0.03,0,0,1,0,0,9,3,33%,0,0,1,498,13.46,3,15,20%,1,17,6,0,33,1,46,61%,1,27,33,19,110,107,132,16,24,35,0
Lovre Kalinic,0,0,,,,,,,,,,,,0,0,0,,,,,0,0,0,0,,,,,,,,,,,,,,0
Herbie Kane,0,0,0,0,0,0,0,0,0,0,0%,0,0,0,0,0,0,0,0%,0,0,0,0,0,0,0,0%,0,0,0,0,0,0,0,0,0,0,0
N'Golo Kanté,177,10,0.06,0,6,4,0,0,122,29,24%,0,7,11,"9,722",54.93,16,89,29%,28,410,25,0,239,7,570,64%,47,441,194,82,"1,410",970,975,198,130,215,2
Aboubakar Kamara,21,3,0.14,0,3,0,1,0,24,11,46%,0,5,0,324,15.43,1,31,,,,3,1,32,7,10,,1,2,5,2,,,,,,,
James Justin,26,1,,0,1,0,,,,,,1,,2,"1,239",47.65,4,82,13%,0,34,3,0,18,2,65,52%,3,25,45,29,120,157,132,17,34,55,0
Juan Castillo,0,0,,0,0,0,,,,,,0,,0,0,0,0,0,0%,0,0,0,0,0,0,0,0%,0,0,0,0,0,0,0,0,0,0,0
Sam Johnstone,13,0,,,,,,,,,,,,0,363,27.92,,,,,105,0,0,0,,,,,,,,,,,,,,0
Jorginho,75,9,0.12,0,9,0,7,0,37,15,41%,0,1,3,"5,711",76.15,12,13,23%,52,246,18,0,67,0,154,54%,9,135,65,29,560,270,318,30,31,60,0
Jota,10,0,10,0,0,0,0,0,6,1,17%,0,0,1,93,9.3,1,2,2%,2,6,0,0,6,0,3,33%,4,3,5,1,26,13,25,7,1,2,0
Curtis Jones,14,1,0.07,0,1,0,0,0,15,8,53%,0,0,0,599,42.79,1,3,3%,0,12,1,0,12,0,13,46%,4,8,7,3,53,38,60,9,10,12,0
Jonny,68,3,,0,3,0,,,,,,1,,3,"2,162",31.79,3,100,18%,2,53,10,0,57,7,170,58%,18,113,82,35,329,367,382,62,74,102,2
Stefan Johansen,12,0,12,0,0,0,0,0,1,0,1%,0,0,0,250,20.83,0,9,11%,0,13,4,0,6,0,10,30%,0,3,5,3,35,17,18,2,3,6,0
Darnell Johnson,0,0,,0,0,0,,,,,,0,,0,0,0,0,0,0%,0,0,0,0,0,0,0,0%,0,0,0,0,0,0,0,0,0,0,0
Joelinton,49,3,0.06,0,1,2,0,0,65,21,32%,1,9,4,"1,053",21.49,5,9,,,,9,0,40,23,48,,14,14,41,26,,,,,,,
Tyreece John-Jules,0,0,0,0,0,0,0,0,0,0,0%,0,0,0,0,0,0,0,,,,0,0,0,0,0,,0,0,0,0,,,,,,,
João Cancelo,25,0,,0,0,0,,,,,,0,,1,"1,572",62.88,7,68,18%,1,60,6,0,30,0,58,53%,4,37,26,18,149,151,126,50,29,28,0
Joel Pereira,1,0,,,,,,,,,,,,0,27,27,,,,,2,0,0,0,,,,,,,,,,,,,,0
Roberto Jiménez,8,0,,,,,,,,,,,,0,203,25.38,,,,,49,0,0,0,,,,,,,,,,,,,,2
João Virgínia,0,0,,,,,,,,,,,,0,0,0,,,,,0,0,0,0,,,,,,,,,,,,,,0
Lukas Jensen,0,0,,,,,,,,,,,,0,0,0,,,,,0,0,0,0,,,,,,,,,,,,,,0
Teddy Jenks,0,0,0,0,0,0,0,0,0,0,0%,0,0,0,0,0,0,0,0%,0,0,0,0,0,0,0,0%,0,0,0,0,0,0,0,0,0,0,0
João Moutinho,87,2,0.02,0,1,1,0,1,44,9,20%,1,0,14,"4,133",47.51,16,442,31%,12,300,13,1,108,3,234,52%,13,102,69,24,560,376,440,30,47,76,0
Sylvester Jasper,0,0,0,0,0,0,0,0,0,0,0%,0,0,0,0,0,0,0,,,,0,0,0,0,0,,0,0,0,0,,,,,,,
Jack Jenkins,0,0,0,0,0,0,0,0,0,0,0%,0,0,0,0,0,0,0,0%,0,0,0,0,0,0,0,0%,0,0,0,0,0,0,0,0,0,0,0
Reece James,36,1,,0,1,0,,,,,,2,,4,"1,717",47.69,9,187,24%,0,78,4,0,36,1,63,63%,11,30,42,24,158,184,160,37,56,51,0
Alireza Jahanbakhsh,37,2,0.05,0,2,0,0,0,39,9,23%,2,0,1,450,12.16,5,56,,,,3,0,22,7,46,,12,17,3,0,,,,,,,
Eldin Jakupovic,28,0,,,,,,,,,,,,0,769,27.46,,,,,202,0,0,0,,,,,,,,,,,,,,1
Vitezslav Jaros,0,0,,,,,,,,,,,,0,0,0,,,,,0,0,0,0,,,,,,,,,,,,,,0
Alexandre Jankewitz,0,0,0,0,0,0,0,0,0,0,0%,0,0,0,0,0,0,0,0%,0,0,0,0,0,0,0,0%,0,0,0,0,0,0,0,0,0,0,0
Jaroslaw Jach,0,0,,0,0,0,,,,,,0,,0,0,0,0,0,0%,0,0,0,0,0,0,0,0%,0,0,0,0,0,0,0,0,0,0,0
Branislav Ivanovic,268,22,,7,13,2,,,,,,8,,20,"10,157",37.9,20,520,20%,12,672,57,2,301,19,538,80%,41,396,"1,158",549,"1,184","1,449",938,106,596,335,2
Alex Iwobi,137,12,0.09,2,9,1,0,0,160,65,41%,4,10,18,"4,177",30.49,25,188,,,,2,0,46,6,111,,49,55,41,21,,,,,,,
José Izquierdo,47,5,0.11,0,5,0,0,0,67,19,28%,0,3,4,728,15.49,4,29,,,,3,0,26,18,38,,19,21,32,11,,,,,,,
Phil Jagielka,367,18,,10,8,0,,,,,,7,,9,"14,808",40.35,8,131,30%,11,"1,831",23,2,160,3,706,76%,39,619,"2,978","1,078","1,630","1,848",932,35,786,498,6
Pierre-Emile Højbjerg,122,4,0.03,0,3,1,0,0,147,41,28%,4,8,5,"6,624",54.3,6,90,32%,20,353,22,2,169,2,280,64%,35,189,154,82,"1,018",704,669,104,166,129,2
Odion Ighalo,67,16,0.24,1,12,3,0,0,153,62,41%,3,25,4,"1,045",15.6,1,20,,,,5,0,65,37,39,,36,18,30,16,,,,,,,
Ryan Inniss,0,0,,0,0,0,,,,,,0,,0,0,0,0,0,0%,0,0,0,0,0,0,0,0%,0,0,0,0,0,0,0,0,0,0,0
Danny Ings,121,49,0.4,7,28,13,7,0,286,117,41%,10,28,12,"2,109",17.43,15,100,,,,12,0,97,46,114,,68,37,52,33,,,,,,,
Ivan Cavaleiro,35,4,0.11,0,4,0,1,0,32,13,41%,2,5,1,569,16.26,3,90,,,,2,0,30,9,12,,8,11,7,4,,,,,,,
Kelechi Iheanacho,123,21,0.17,4,3,13,0,0,139,57,41%,2,18,13,"1,376",11.19,16,27,,,,6,0,86,32,38,,44,11,22,14,,,,,,,
Callum Hudson-Odoi,39,2,0.05,0,2,0,0,0,34,9,26%,1,2,6,728,18.67,9,98,,,,1,0,16,6,19,,18,9,4,2,,,,,,,
Jordan Hugill,3,0,3,0,0,0,0,0,0,0,0%,0,0,0,9,3,0,0,,,,0,0,3,0,0,,0,0,0,0,,,,,,,
Conor Hourihane,31,4,0.13,0,1,3,0,1,34,12,35%,1,1,6,745,24.03,10,139,23%,1,24,4,0,15,4,16,63%,13,9,28,10,83,55,51,4,15,9,0
Nathan Holland,2,0,2,0,0,0,0,0,1,1,100%,0,0,0,11,5.5,0,2,2%,0,0,0,0,0,0,3,33%,0,0,0,0,1,7,2,3,0,1,0
Bryce Hosannah,0,0,,0,0,0,,,,,,0,,0,0,0,0,0,0%,0,0,0,0,0,0,0,0%,0,0,0,0,0,0,0,0,0,0,0
Mason Holgate,69,1,,0,0,1,,,,,,1,,4,"2,595",37.61,7,64,16%,2,239,13,0,46,3,122,68%,3,86,292,147,312,338,240,28,126,122,1
Rob Holding,49,0,,0,0,0,,,,,,1,,0,"2,623",53.53,0,3,67%,1,139,10,0,38,0,61,69%,3,59,208,117,235,206,169,19,114,80,0
Ki-Jana Hoever,2,0,,0,0,0,,,,,,0,,0,19,9.5,0,2,50%,0,1,0,0,0,0,1,1%,0,1,4,2,2,3,2,0,1,1,0
Wesley Hoedt,41,0,,0,0,0,,,,,,2,,1,"1,944",47.41,1,8,13%,1,199,9,0,37,0,88,72%,3,63,248,119,281,242,158,30,94,77,2
Jake Hesketh,2,0,2,0,0,0,0,0,2,1,50%,0,0,0,18,9,0,1,1%,0,0,1,0,1,0,2,50%,0,0,0,0,0,2,4,0,0,1,0
Wayne Hennessey,181,0,,,,,,,,,,,,1,"4,858",26.84,,,,,"1,618",4,0,1,,,,,,,,,,,,,,13
Thomas Hill,0,0,0,0,0,0,0,0,0,0,0%,0,0,0,0,0,0,0,,,,0,0,0,0,0,,0,0,0,0,,,,,,,
Stephen Henderson,0,0,,,,,,,,,,,,0,0,0,,,,,0,0,0,0,,,,,,,,,,,,,,0
George Hirst,2,0,2,0,0,0,0,0,3,1,33%,0,0,0,5,2.5,0,0,,,,0,0,0,0,0,,0,0,0,0,,,,,,,
Karl Hein,0,0,,,,,,,,,,,,0,0,0,,,,,0,0,0,0,,,,,,,,,,,,,,0
Jeff Hendrick,132,11,0.08,1,9,1,0,0,105,26,25%,0,7,6,"3,306",25.05,7,96,20%,10,144,19,1,105,36,96,54%,40,89,102,49,545,368,559,85,102,161,0
Hélder Costa,35,3,0.09,0,0,3,0,0,34,11,32%,0,4,4,641,18.31,3,63,,,,3,0,31,8,31,,12,12,7,4,,,,,,,
Tom Heaton,116,0,,,,,,,,,,,,0,"3,290",28.36,,,,,"1,067",5,0,2,,,,,,,,,,,,,,3
Kaine Hayden,0,0,0,0,0,0,0,0,0,0,0%,0,0,0,0,0,0,0,0%,0,0,0,0,0,0,0,0%,0,0,0,0,0,0,0,0,0,0,0
Kai Havertz,11,1,0.09,0,0,1,0,0,8,4,50%,0,1,1,392,35.64,0,7,14%,2,4,1,0,15,2,11,55%,2,2,15,12,43,43,70,9,13,16,1
Kortney Hause,18,1,0.06,0,1,0,0,0,20,3,15%,0,3,0,799,44.39,1,0,0%,1,62,3,0,24,1,21,43%,2,20,94,51,109,138,77,9,100,35,1
Rekeem Harper,2,0,2,0,0,0,0,0,0,0,0%,0,0,0,18,9,0,0,0%,0,2,0,0,1,0,1,100%,0,1,0,0,2,2,2,1,0,0,0
Michael Hector,3,0,,0,0,0,,,,,,0,,0,177,59,0,0,0%,0,20,1,0,3,0,3,67%,1,0,4,2,18,13,11,2,5,4,0
Taylor Harwood-Bellis,0,0,,0,0,0,,,,,,0,,0,0,0,0,0,0%,0,0,0,0,0,0,0,0%,0,0,0,0,0,0,0,0,0,0,0
Joe Hart,340,0,,,,,,,,,,,,1,"6,733",19.8,,,,,"1,800",7,0,6,,,,,,,,,,,,,,20
Sébastien Haller,44,10,0.23,1,7,2,0,0,77,37,48%,1,8,1,941,21.39,3,10,,,,1,0,63,24,32,,13,9,31,27,,,,,,,
Joseph Hardy,0,0,0,0,0,0,0,0,0,0,0%,0,0,0,0,0,0,0,,,,0,0,0,0,0,,0,0,0,0,,,,,,,
Jayden Harris,0,0,0,0,0,0,0,0,0,0,0%,0,0,0,0,0,0,0,0%,0,0,0,0,0,0,0,0%,0,0,0,0,0,0,0,0,0,0,0
Antwoine Hackford,0,0,0,0,0,0,0,0,0,0,0%,0,0,0,0,0,0,0,,,,0,0,0,0,0,,0,0,0,0,,,,,,,
Jack Harrison,12,2,0.17,0,1,1,0,0,15,5,33%,1,2,4,376,31.33,4,65,20%,0,7,0,0,8,5,20,45%,3,6,6,2,51,61,77,17,14,11,0
Peter Gwargis,0,0,0,0,0,0,0,0,0,0,0%,0,0,0,0,0,0,0,0%,0,0,0,0,0,0,0,0%,0,0,0,0,0,0,0,0,0,0,0
Viktor Gyökeres,0,0,0,0,0,0,0,0,0,0,0%,0,0,0,0,0,0,0,,,,0,0,0,0,0,,0,0,0,0,,,,,,,
Angus Gunn,22,0,,,,,,,,,,,,0,520,23.64,,,,,117,0,0,0,,,,,,,,,,,,,,3
Vicente Guaita,68,0,,,,,,,,,,,,0,"1,683",24.75,,,,,412,5,0,1,,,,,,,,,,,,,,3
Jóhann Gudmundsson,100,7,0.07,2,0,5,0,0,118,39,33%,9,2,17,"1,842",18.42,12,443,32%,3,85,5,0,43,6,94,61%,32,93,91,33,400,320,381,65,96,121,0
Ilkay Gündogan,109,16,0.15,2,11,3,2,1,135,36,27%,3,8,6,"6,373",58.47,12,151,28%,36,235,13,0,47,2,90,61%,48,88,48,21,499,283,293,80,47,59,0
Frédéric Guilbert,25,0,,0,0,0,,,,,,0,,2,749,29.96,1,91,16%,0,40,7,0,36,2,74,58%,2,49,62,26,104,164,172,23,48,68,0
Matteo Guendouzi,57,0,57,0,0,0,0,0,27,9,33%,1,1,1,"2,750",48.25,4,21,10%,16,148,15,0,41,0,75,56%,11,59,58,29,284,263,217,47,31,40,1
Marko Grujic,8,0,8,0,0,0,0,0,4,2,50%,0,0,0,47,5.88,0,0,0%,0,0,1,0,2,0,3,67%,0,0,0,0,3,12,7,2,5,3,0
Andre Green,2,0,2,0,0,0,0,0,1,0,1%,0,0,0,23,11.5,0,8,38%,0,1,0,0,0,0,2,100%,1,3,0,0,6,4,7,2,0,0,0
Kamil Grosicki,16,0,16,0,0,0,0,0,24,7,29%,1,1,4,254,15.88,5,85,20%,0,1,1,0,12,6,4,100%,4,8,6,3,37,21,59,13,1,11,0
Pascal Groß,104,14,0.13,2,11,1,4,1,106,41,39%,1,3,17,"3,297",31.7,37,568,31%,17,195,8,0,73,22,107,49%,32,42,52,17,346,238,412,24,58,132,0
Mason Greenwood,42,11,0.26,0,2,9,0,0,63,28,44%,2,7,1,720,17.14,1,15,,,,1,0,15,6,27,,12,8,6,2,,,,,,,
Jay-Roy Grot,0,0,0,0,0,0,0,0,0,0,0%,0,0,0,0,0,0,0,,,,0,0,0,0,0,,0,0,0,0,,,,,,,
Demarai Gray,132,10,0.08,0,8,1,0,0,138,47,34%,2,9,9,"1,920",14.55,13,263,18%,10,73,7,0,36,12,76,64%,45,39,39,9,312,311,401,138,24,102,1
Lee Grant,31,0,,,,,,,,,,,,0,959,30.94,,,,,365,1,0,0,,,,,,,,,,,,,,0
Robbie Gotts,0,0,,0,0,0,,,,,,0,,0,0,0,0,0,0%,0,0,0,0,0,0,0,0%,0,0,0,0,0,0,0,0,0,0,0
John-Kymani Gordon,0,0,0,0,0,0,0,0,0,0,0%,0,0,0,0,0,0,0,,,,0,0,0,0,0,,0,0,0,0,,,,,,,
Mace Goodridge,0,0,0,0,0,0,0,0,0,0,0%,0,0,0,0,0,0,0,0%,0,0,0,0,0,0,0,0%,0,0,0,0,0,0,0,0,0,0,0
Sam Graham,0,0,,0,0,0,,,,,,0,,0,0,0,0,0,0%,0,0,0,0,0,0,0,0%,0,0,0,0,0,0,0,0,0,0,0
Kamil Grabara,0,0,,,,,,,,,,,,0,0,0,,,,,0,0,0,0,,,,,,,,,,,,,,0
Jack Grealish,80,14,0.18,0,11,3,0,0,132,43,33%,3,9,11,"2,419",30.24,19,231,24%,2,109,12,0,64,8,60,65%,47,49,18,6,339,517,354,149,42,55,1
Olivier Giroud,246,88,0.36,31,8,49,2,0,560,216,39%,19,86,28,"4,795",19.49,41,92,,,,18,2,230,122,147,,105,67,183,119,,,,,,,
Joseph Gomez,79,0,,0,0,0,,,,,,0,,3,"4,890",61.9,2,68,24%,2,233,15,0,63,1,113,74%,4,102,192,89,430,348,270,41,157,126,0
Billy Gilmour,7,0,7,0,0,0,0,0,1,0,1%,0,0,0,182,26,0,2,2%,0,9,0,0,3,0,6,50%,0,3,2,1,15,14,16,2,3,5,0
Gonçalo Cardoso,0,0,,0,0,0,,,,,,0,,0,0,0,0,0,0%,0,0,0,0,0,0,0,0%,0,0,0,0,0,0,0,0,0,0,0
Mark Gillespie,0,0,,,,,,,,,,,,0,0,0,,,,,0,0,0,0,,,,,,,,,,,,,,0
Ben Godfrey,37,0,,0,0,0,,,,,,2,,0,"1,895",51.22,0,6,17%,1,101,4,1,18,1,38,66%,0,35,165,86,188,146,83,11,83,47,0
Morgan Gibbs-White,33,0,33,0,0,0,0,0,10,1,10%,1,2,1,396,12,2,19,32%,5,22,1,0,10,2,6,50%,2,3,0,0,48,42,56,13,16,20,0
Ryan Giles,0,0,0,0,0,0,0,0,0,0,0%,0,0,0,0,0,0,0,0%,0,0,0,0,0,0,0,0%,0,0,0,0,0,0,0,0,0,0,0
Rachid Ghezzal,19,1,0.05,0,0,1,0,0,19,5,26%,1,1,0,422,22.21,3,45,36%,6,19,3,0,13,0,14,36%,10,7,3,2,50,51,66,19,10,7,0
Kieran Gibbs,174,2,,0,0,2,,,,,,1,,9,"6,053",34.79,13,430,19%,11,165,18,2,113,13,336,68%,20,308,499,244,725,761,643,127,239,262,1
Gedson Fernandes,7,0,7,0,0,0,0,0,1,0,1%,0,0,0,39,5.57,0,7,29%,0,0,0,0,0,0,2,2%,1,1,0,0,7,6,9,2,0,1,0
Ben Gibson,39,2,,1,1,0,,,,,,0,,1,"1,715",43.97,1,0,0%,0,149,5,0,21,1,32,72%,4,57,236,119,138,125,105,17,63,71,0
Joe Gelhardt,0,0,0,0,0,0,0,0,0,0,0%,0,0,0,0,0,0,0,,,,0,0,0,0,0,,0,0,0,0,,,,,,,
Paulo Gazzaniga,43,0,,,,,,,,,,,,0,982,22.84,,,,,221,1,0,1,,,,,,,,,,,,,,7
James Garner,2,0,2,0,0,0,0,0,0,0,0%,0,0,0,15,7.5,0,0,0%,0,1,0,0,0,0,0,0%,0,0,1,0,2,1,1,0,0,0,0
Dwight Gayle,121,26,0.21,3,16,7,2,2,163,61,37%,4,23,6,"1,214",10.03,6,64,,,,8,1,77,35,61,,42,27,41,26,,,,,,,
Eric García,16,0,,0,0,0,,,,,,0,,0,949,59.31,0,1,100%,1,30,1,0,12,0,11,45%,0,21,36,16,51,34,44,6,13,27,0
Jean-Philippe Gbamin,2,0,2,0,0,0,0,0,0,0,0%,0,0,0,70,35,0,0,0%,0,2,0,0,2,0,4,75%,0,1,4,3,8,11,10,2,3,2,0
Ethan Galbraith,0,0,0,0,0,0,0,0,0,0,0%,0,0,0,0,0,0,0,0%,0,0,0,0,0,0,0,0%,0,0,0,0,0,0,0,0,0,0,0
Tony Gallacher,0,0,,0,0,0,,,,,,0,,0,0,0,0,0,0%,0,0,0,0,0,0,0,0%,0,0,0,0,0,0,0,0,0,0,0
Conor Gallagher,9,2,0.22,0,2,0,0,0,17,4,24%,1,0,0,336,37.33,0,11,18%,1,19,4,0,16,0,28,46%,5,7,7,5,52,66,74,10,11,13,0
Gabriel Jesus,109,43,0.39,8,22,13,2,0,238,123,52%,7,60,18,"1,971",18.08,17,15,,,,13,0,87,65,61,,41,32,18,13,,,,,,,
Gabriel Magalhães,12,2,,1,0,0,,,,,,0,,0,905,75.42,0,0,0%,0,29,1,1,12,0,16,75%,2,18,35,23,60,61,41,2,27,20,0
Gabriel Martinelli,14,3,0.21,0,3,0,0,0,12,5,42%,0,1,0,116,8.29,0,22,22%,1,2,1,0,9,2,20,75%,2,3,5,4,34,46,92,9,8,37,0
Christian Fuchs,116,2,,0,1,1,,,,,,1,,9,"4,575",39.44,11,336,23%,5,300,19,0,93,2,273,74%,18,264,395,216,657,555,460,32,221,166,1
Darnell Furlong,15,1,,0,1,0,,,,,,1,,2,427,28.47,2,55,18%,0,19,3,0,13,1,17,82%,2,27,27,16,50,98,78,6,57,39,0
Ryan Fredericks,45,1,,0,1,0,,,,,,0,,4,"1,386",30.8,5,91,25%,0,47,14,0,39,2,123,66%,4,42,111,56,173,239,171,24,62,52,1
Luke Freeman,11,0,11,0,0,0,0,0,3,0,3%,0,0,0,133,12.09,0,15,40%,1,2,2,0,6,0,6,67%,2,10,5,3,20,23,35,8,4,6,0
Tyrese Francois,0,0,0,0,0,0,0,0,0,0,0%,0,0,0,0,0,0,0,0%,0,0,0,0,0,0,0,0%,0,0,0,0,0,0,0,0,0,0,0
Ryan Fraser,126,16,0.13,0,13,3,0,1,134,62,46%,1,7,27,"3,527",27.99,41,727,23%,16,95,7,0,42,14,59,63%,38,68,83,34,424,378,365,67,34,98,0
Juan Foyth,16,1,,1,0,0,,,,,,0,,0,642,40.12,2,2,2%,1,23,4,1,18,0,38,53%,0,11,50,28,62,96,59,21,28,20,2
Fred,55,1,0.02,0,1,0,0,0,63,12,19%,3,1,1,"2,927",53.22,6,78,24%,7,200,13,0,81,2,110,51%,16,64,39,9,404,248,300,60,12,36,1
Timothy Fosu-Mensah,49,0,,0,0,0,,,,,,0,,1,"1,316",26.86,2,40,23%,2,59,8,0,36,2,80,69%,5,65,110,49,175,151,135,24,31,46,1
Adam Forshaw,35,0,35,0,0,0,0,0,28,6,21%,0,2,1,"1,355",38.71,3,51,20%,8,99,4,0,33,1,62,69%,9,36,23,10,176,133,169,22,17,41,0
Fraser Forster,107,0,,,,,,,,,,,,0,"2,515",23.5,,,,,773,4,0,0,,,,,,,,,,,,,,7
Pablo Fornals,49,4,0.08,0,3,1,0,0,55,17,31%,3,6,7,"1,189",24.27,5,73,16%,7,47,5,0,26,9,55,56%,13,38,10,4,204,124,218,26,17,63,0
Marlon Fossey,0,0,,0,0,0,,,,,,0,,0,0,0,0,0,0%,0,0,0,0,0,0,0,0%,0,0,0,0,0,0,0,0,0,0,0
Shane Flynn,0,0,0,0,0,0,0,0,0,0,0%,0,0,0,0,0,0,0,0%,0,0,0,0,0,0,0,0%,0,0,0,0,0,0,0,0,0,0,0
Wesley Fofana,9,0,,0,0,0,,,,,,1,,0,588,65.33,0,1,1%,0,28,2,0,6,1,17,59%,1,27,41,25,58,58,43,6,28,23,0
Phil Foden,50,8,0.16,1,1,6,0,0,62,26,42%,2,5,4,"1,004",20.08,4,52,19%,8,25,0,0,20,3,29,72%,16,14,5,2,63,123,125,50,18,38,0
Wes Foderingham,0,0,,,,,,,,,,,,0,0,0,,,,,0,0,0,0,,,,,,,,,,,,,,0
Sam Field,22,1,0.05,0,0,1,0,0,6,1,17%,0,0,0,297,13.5,0,15,20%,0,18,5,0,18,0,24,88%,4,17,11,8,62,54,58,5,14,15,0
Ethan Fitzhugh,0,0,0,0,0,0,0,0,0,0,0%,0,0,0,0,0,0,0,0%,0,0,0,0,0,0,0,0%,0,0,0,0,0,0,0,0,0,0,0
John Fleck,37,5,0.14,0,1,4,0,0,35,12,34%,1,2,2,"1,221",33,5,173,24%,3,41,8,0,29,1,46,70%,13,28,22,8,205,138,153,50,16,33,0
Nathan Ferguson,0,0,,0,0,0,,,,,,0,,0,0,0,0,0,0%,0,0,0,0,0,0,0,0%,0,0,0,0,0,0,0,0,0,0,0
Federico Fernández,179,4,,2,1,0,,,,,,2,,7,"7,566",42.27,5,51,18%,2,553,27,0,139,8,263,73%,13,309,"1,117",657,788,808,591,24,413,302,3
Fernandinho,230,18,0.08,2,14,2,0,0,223,64,29%,3,12,16,"14,983",65.14,24,71,21%,75,663,47,4,328,4,555,70%,52,356,416,268,"1,312","1,353","1,207",186,431,343,0
Felipe Anderson,63,10,0.16,0,7,3,0,0,81,33,41%,3,5,8,"2,567",40.75,14,155,28%,27,127,4,0,44,7,136,60%,25,63,22,8,339,366,387,139,16,45,0
Will Ferry,0,0,0,0,0,0,0,0,0,0,0%,0,0,0,0,0,0,0,0%,0,0,0,0,0,0,0,0%,0,0,0,0,0,0,0,0,0,0,0
Malachi Fagan-Walcott,0,0,,0,0,0,,,,,,0,,0,0,0,0,0,0%,0,0,0,0,0,0,0,0%,0,0,0,0,0,0,0,0,0,0,0
Josh Felix-Eppiah,0,0,0,0,0,0,0,0,0,0,0%,0,0,0,0,0,0,0,,,,0,0,0,0,0,,0,0,0,0,,,,,,,
Lukasz Fabianski,257,0,,,,,,,,,,,,2,"6,587",25.63,,,,,"1,988",5,1,7,,,,,,,,,,,,,,17
Fabinho,67,3,0.04,1,2,0,0,0,31,8,26%,0,1,5,"3,998",59.67,4,19,37%,5,188,13,0,68,0,148,55%,11,74,66,28,364,340,272,22,111,86,0
Fabri,2,0,,,,,,,,,,,,0,47,23.5,,,,,16,0,0,0,,,,,,,,,,,,,,1
Fábio Silva,8,0,8,0,0,0,0,0,10,2,20%,1,0,0,75,9.38,0,1,,,,1,0,4,1,2,,5,1,1,0,,,,,,,
Björn Engels,17,1,,1,0,0,,,,,,0,,0,647,38.06,0,2,50%,0,49,1,0,5,1,11,55%,0,28,85,42,53,71,39,1,55,27,1
Ulrick Eneme Ella,0,0,0,0,0,0,0,0,0,0,0%,0,0,0,0,0,0,0,0%,0,0,0,0,0,0,0,0%,0,0,0,0,0,0,0,0,0,0,0
Jonny Evans,306,11,,7,4,0,,,,,,2,,9,"13,804",45.11,5,59,34%,10,"1,026",49,3,247,3,470,71%,22,598,"1,877",798,"1,632","1,468",848,87,673,412,5
Emerson,31,0,,0,0,0,,,,,,1,,1,"1,293",41.71,3,97,19%,2,32,3,0,16,2,44,59%,6,28,34,19,104,123,75,27,25,21,0
Anthony Elanga,0,0,0,0,0,0,0,0,0,0,0%,0,0,0,0,0,0,0,,,,0,0,0,0,0,,0,0,0,0,,,,,,,
Harvey Elliott,4,0,4,0,0,0,0,0,1,1,100%,0,0,0,22,5.5,0,3,3%,0,1,0,0,0,0,0,0%,0,0,0,0,4,1,1,1,0,0,0
Eberechi Eze,12,1,0.08,0,1,0,0,1,12,3,25%,1,1,2,342,28.5,2,28,36%,0,5,0,0,4,0,13,54%,3,9,2,2,63,65,49,20,3,5,0
John Egan,47,2,,1,1,0,,,,,,0,,0,"1,647",35.04,1,3,3%,0,142,6,2,45,1,52,60%,14,70,217,102,214,236,165,1,161,97,1
Anwar El Ghazi,38,5,0.13,0,5,0,2,0,53,21,40%,2,7,4,499,13.13,4,113,24%,1,15,3,0,21,12,21,57%,11,13,12,6,77,102,157,31,33,58,0
Ovie Ejaria,2,0,2,0,0,0,0,0,0,0,0%,0,0,0,8,4,0,0,0%,0,0,0,0,0,0,1,1%,0,0,0,0,0,1,1,0,0,0,0
Ederson,121,0,,,,,,,,,,,,1,"3,064",25.32,,,,,452,6,1,4,,,,,,,,,,,,,,6
Lewis Dunk,120,6,,3,3,0,,,,,,1,,5,"5,858",48.82,3,10,20%,6,536,23,2,87,2,159,56%,17,181,580,325,775,592,380,18,359,201,2
Kyle Edwards,5,0,5,0,0,0,0,0,2,1,50%,0,0,0,34,6.8,0,1,,,,0,0,1,0,3,,1,1,0,0,,,,,,,
Jake Eastwood,0,0,,,,,,,,,,,,0,0,0,,,,,0,0,0,0,,,,,,,,,,,,,,0
Jimmy Dunne,2,1,,1,0,0,,,,,,0,,0,87,43.5,0,0,0%,0,7,0,0,1,0,0,0%,0,4,10,4,14,10,3,0,8,1,0
Ryan Edmondson,0,0,0,0,0,0,0,0,0,0,0%,0,0,0,0,0,0,0,,,,0,0,0,0,0,,0,0,0,0,,,,,,,
Paul Dummett,128,2,,0,0,2,,,,,,1,,0,"3,814",29.8,4,202,19%,1,229,12,1,58,1,216,75%,10,177,606,348,387,590,345,21,305,199,2
Tommy Doyle,1,0,1,0,0,0,0,0,1,1,100%,0,0,0,20,20,0,0,0%,0,0,0,0,0,0,0,0%,0,0,0,0,1,1,1,0,0,0,0
Shane Duffy,96,6,,3,2,1,,,,,,3,,2,"3,367",35.07,2,6,67%,0,290,14,1,69,11,85,56%,8,114,664,462,368,594,288,14,459,193,1
Danny Drinkwater,104,4,0.04,0,4,0,0,0,95,17,18%,0,5,8,"5,250",50.48,11,103,19%,17,313,11,1,150,1,264,70%,29,149,164,95,835,471,558,72,84,130,2
Anthony Driscoll-Glennon,0,0,,0,0,0,,,,,,0,,0,0,0,0,0,0%,0,0,0,0,0,0,0,0%,0,0,0,0,0,0,0,0,0,0,0
Martin Dubravka,88,0,,,,,,,,,,,,0,"2,318",26.34,,,,,653,1,0,0,,,,,,,,,,,,,,9
Douglas Luiz,46,3,0.07,0,2,1,0,0,48,16,33%,0,2,3,"1,629",35.41,4,35,23%,4,123,10,1,66,0,55,49%,18,49,58,23,261,191,203,41,43,46,1
Abdoulaye Doucouré,142,18,0.13,3,12,2,0,0,193,58,30%,2,12,12,"7,350",51.76,16,72,19%,7,223,34,0,155,10,261,57%,61,161,172,70,"1,104",624,704,135,164,179,1
Barry Douglas,0,0,,0,0,0,,,,,,0,,0,0,0,0,0,0%,0,0,0,0,0,0,0,0%,0,0,0,0,0,0,0,0,0,0,0
Matt Doherty,81,8,,3,1,4,,,,,,2,,9,"3,167",39.1,12,119,20%,4,109,7,0,65,6,137,58%,16,111,147,104,349,538,412,51,304,215,0
Elijah Dixon-Bonner,0,0,0,0,0,0,0,0,0,0,0%,0,0,0,0,0,0,0,0%,0,0,0,0,0,0,0,0%,0,0,0,0,0,0,0,0,0,0,0
Kieran Dowell,2,0,2,0,0,0,0,0,0,0,0%,0,0,0,30,15,0,5,5%,0,0,0,0,1,0,0,0%,0,0,0,0,4,2,12,2,0,1,0
Moussa Djenepo,27,3,0.11,0,2,1,0,0,28,10,36%,1,3,2,427,15.81,3,24,17%,1,6,6,1,41,4,44,70%,6,13,9,3,71,155,147,60,10,28,0
Alpha Richard Dionkou,0,0,,0,0,0,,,,,,0,,0,0,0,0,0,0%,0,0,0,0,0,0,0,0%,0,0,0,0,0,0,0,0,0,0,0
Issa Diop,69,4,,3,1,0,,,,,,0,,1,"2,277",33,3,1,1%,0,107,13,0,51,4,99,57%,2,114,328,159,334,295,182,11,157,93,2
Eric Dier,186,10,0.05,4,5,1,0,0,120,29,24%,3,8,8,"10,221",54.95,11,121,18%,16,692,33,0,168,6,289,72%,33,263,583,350,769,850,732,53,441,328,6
Diogo Dalot,20,0,,0,0,0,,,,,,0,,2,474,23.7,5,53,26%,0,10,3,0,13,2,27,52%,5,12,31,13,58,65,37,11,25,6,0
Diogo Jota,76,21,0.28,2,11,8,0,0,147,61,41%,4,22,6,"1,781",23.43,15,81,,,,15,0,95,9,59,,38,22,21,14,,,,,,,
Lucas Digne,78,4,,0,0,4,,,,,,6,,15,"3,262",41.82,26,611,28%,2,140,11,2,93,5,159,64%,30,109,211,104,401,485,346,40,224,105,0
Grady Diangana,28,1,0.04,0,0,1,0,0,20,6,30%,0,0,1,468,16.71,3,26,23%,1,7,0,0,11,4,45,49%,6,11,8,4,75,139,150,40,23,38,0
Ibrahima Diallo,6,0,6,0,0,0,0,0,0,0,0%,0,0,0,33,5.5,0,2,2%,0,1,1,0,4,0,2,2%,0,1,1,0,4,4,5,2,0,0,0
Fousseni Diabaté,15,0,15,0,0,0,0,0,6,2,33%,0,1,1,241,16.07,0,12,,,,1,0,1,2,11,,0,8,7,5,,,,,,,
Alfie Devine,0,0,0,0,0,0,0,0,0,0,0%,0,0,0,0,0,0,0,0%,0,0,0,0,0,0,0,0%,0,0,0,0,0,0,0,0,0,0,0
Fabian Delph,190,7,0.04,0,1,6,0,0,145,36,25%,5,3,8,"9,039",47.57,7,201,26%,13,515,29,3,142,1,398,70%,36,286,220,55,"1,027",999,712,263,130,165,5
Liam Delap,1,0,1,0,0,0,0,0,1,0,1%,1,0,0,6,6,0,0,,,,0,0,1,0,0,,0,0,0,0,,,,,,,
Lars Dendoncker,0,0,0,0,0,0,0,0,0,0,0%,0,0,0,0,0,0,0,0%,0,0,0,0,0,0,0,0%,0,0,0,0,0,0,0,0,0,0,0
Kiernan Dewsbury-Hall,0,0,0,0,0,0,0,0,0,0,0%,0,0,0,0,0,0,0,0%,0,0,0,0,0,0,0,0%,0,0,0,0,0,0,0,0,0,0,0
David de Gea,323,0,,,,,,,,,,,,0,"7,172",22.2,,,,,"1,966",6,0,1,,,,,,,,,,,,,,13
Bobby De Cordova-Reid,39,9,0.23,1,7,1,1,0,40,16,40%,0,2,2,554,14.21,1,17,,,,3,0,16,11,32,,10,12,20,10,,,,,,,
Kevin De Bruyne,166,38,0.23,0,29,9,4,3,403,140,35%,23,16,72,"8,879",53.49,107,"1,176",26%,136,457,14,0,131,17,227,67%,110,91,63,34,800,676,812,235,65,105,1
Craig Dawson,182,14,,11,2,1,,,,,,5,,2,"5,444",29.91,6,300,21%,5,405,32,0,184,11,264,73%,35,333,843,495,745,"1,038",728,40,615,361,0
David Luiz,200,13,,6,6,1,,,,,,5,,7,"10,464",52.32,22,70,27%,82,"1,005",40,3,218,6,246,73%,60,349,850,455,"1,057",864,691,82,351,262,4
Keinan Davis,19,0,19,0,0,0,0,0,17,5,29%,0,3,0,149,7.84,0,3,,,,0,0,12,3,1,,2,0,4,3,,,,,,,
Luca de la Torre,0,0,0,0,0,0,0,0,0,0,0%,0,0,0,0,0,0,0,0%,0,0,0,0,0,0,0,0%,0,0,0,0,0,0,0,0,0,0,0
Laurens De Bock,0,0,,0,0,0,,,,,,0,,0,0,0,0,0,0%,0,0,0,0,0,0,0,0%,0,0,0,0,0,0,0,0,0,0,0
Tom Davies,111,5,0.05,1,2,2,0,0,60,15,25%,2,4,4,"2,994",26.97,6,45,22%,9,137,22,0,117,9,137,61%,25,110,63,33,430,425,498,77,72,121,0
Karl Darlow,31,0,,,,,,,,,,,,0,820,26.45,,,,,251,0,0,0,,,,,,,,,,,,,,1
Daniel Podence,21,4,0.19,1,2,1,0,0,32,14,44%,0,0,2,416,19.81,4,22,18%,3,23,1,0,13,5,10,70%,10,10,2,0,57,69,65,32,5,15,0
Kevin Danso,6,0,,0,0,0,,,,,,0,,1,131,21.83,0,4,4%,0,4,0,1,4,0,6,67%,0,2,7,3,13,18,24,3,7,12,0
Scott Dann,233,16,,10,4,2,,,,,,6,,11,"6,692",28.72,11,24,29%,4,679,35,0,147,10,295,60%,31,346,"1,562",671,807,"1,044",720,50,629,457,6
Stuart Dallas,13,2,0.15,1,1,0,0,0,16,8,50%,0,2,0,718,55.23,2,25,16%,2,31,3,0,9,0,37,59%,4,20,14,7,95,67,62,8,9,16,0
Vontae Daley-Campbell,0,0,,0,0,0,,,,,,0,,0,0,0,0,0,0%,0,0,0,0,0,0,0,0%,0,0,0,0,0,0,0,0,0,0,0
Luke Cundle,0,0,0,0,0,0,0,0,0,0,0%,0,0,0,0,0,0,0,0%,0,0,0,0,0,0,0,0%,0,0,0,0,0,0,0,0,0,0,0
Jamie Cumming,0,0,,,,,,,,,,,,0,0,0,,,,,0,0,0,0,,,,,,,,,,,,,,0
Charlie Cresswell,0,0,,0,0,0,,,,,,0,,0,0,0,0,0,0%,0,0,0,0,0,0,0,0%,0,0,0,0,0,0,0,0,0,0,0
Conor Coventry,0,0,0,0,0,0,0,0,0,0,0%,0,0,0,0,0,0,0,0%,0,0,0,0,0,0,0,0%,0,0,0,0,0,0,0,0,0,0,0
Jack Cork,264,8,0.03,3,3,2,0,0,137,42,31%,2,6,9,"11,059",41.89,11,151,17%,34,591,32,0,211,13,466,71%,43,400,477,207,"1,565","1,312","1,335",184,393,479,1
Josh Cullen,3,0,3,0,0,0,0,0,0,0,0%,0,0,0,4,1.33,0,0,0%,0,0,0,0,0,0,0,0%,0,2,1,0,1,0,1,0,0,0,0
Ismaila Coulibaly,0,0,0,0,0,0,0,0,0,0,0%,0,0,0,0,0,0,0,0%,0,0,0,0,0,0,0,0%,0,0,0,0,0,0,0,0,0,0,0
Vladimir Coufal,10,0,,0,0,0,,,,,,0,,2,336,33.6,2,46,33%,0,14,2,0,11,0,28,50%,1,13,20,10,39,53,43,3,14,9,0
Ben Cottrell,0,0,0,0,0,0,0,0,0,0,0%,0,0,0,0,0,0,0,0%,0,0,0,0,0,0,0,0%,0,0,0,0,0,0,0,0,0,0,0
Liam Cooper,12,0,,0,0,0,,,,,,0,,0,737,61.42,0,0,0%,0,48,3,0,10,1,29,72%,0,27,53,18,68,92,52,3,46,33,0
Alex Cochrane,0,0,,0,0,0,,,,,,0,,0,0,0,0,0,0%,0,0,0,0,0,0,0,0%,0,0,0,0,0,0,0,0,0,0,0
Nathaniel Clyne,192,4,,0,3,1,,,,,,2,,11,"8,005",41.69,15,477,19%,15,256,18,0,101,2,479,69%,31,288,418,106,862,777,601,128,66,155,3
Conor Coady,89,0,,0,0,0,,,,,,0,,0,"4,103",46.1,2,0,0%,7,612,12,0,38,0,81,63%,0,67,293,155,541,194,136,11,85,54,3
Séamus Coleman,280,20,,7,8,6,,,,,,6,,22,"9,059",32.35,37,746,20%,12,347,29,2,195,29,490,78%,48,298,549,288,"1,285","1,331","1,168",370,197,223,3
Thomas Clayton,0,0,,0,0,0,,,,,,0,,0,0,0,0,0,0%,0,0,0,0,0,0,0,0%,0,0,0,0,0,0,0,0,0,0,0
Aaron Connolly,33,4,0.12,0,4,0,0,0,47,17,36%,0,7,2,198,6,1,11,,,,0,0,20,21,11,,15,0,3,2,,,,,,,
Jake Clarke-Salter,1,0,,0,0,0,,,,,,0,,0,6,6,0,0,0%,0,0,0,0,0,0,2,2%,0,0,0,0,0,2,1,0,0,1,0
Leighton Clarkson,0,0,0,0,0,0,0,0,0,0,0%,0,0,0,0,0,0,0,0%,0,0,0,0,0,0,0,0%,0,0,0,0,0,0,0,0,0,0,0
Matthew Clarke,0,0,,0,0,0,,,,,,0,,0,0,0,0,0,0%,0,0,0,0,0,0,0,0%,0,0,0,0,0,0,0,0,0,0,0
Ciaran Clark,183,15,,12,0,3,,,,,,3,,5,"5,819",31.8,10,41,20%,2,379,47,2,173,2,308,74%,18,309,"1,277",593,705,893,616,50,436,313,4
Cyrus Christie,28,0,,0,0,0,,,,,,0,,1,884,31.57,1,90,18%,0,21,7,0,29,2,41,54%,3,29,80,49,94,137,136,27,56,32,0
Andreas Christensen,61,0,,0,0,0,,,,,,2,,0,"3,397",55.69,2,0,0%,3,135,7,1,36,1,77,52%,4,78,201,109,308,262,145,10,152,98,1
Ben Chilwell,109,6,,0,2,4,,,,,,1,,12,"5,221",47.9,13,395,19%,8,172,11,1,89,9,174,62%,12,127,282,158,580,694,578,117,278,202,1
Dennis Cirkin,0,0,,0,0,0,,,,,,0,,0,0,0,0,0,0%,0,0,0,0,0,0,0,0%,0,0,0,0,0,0,0,0,0,0,0
Tahith Chong,5,0,5,0,0,0,0,0,3,1,33%,0,1,0,29,5.8,0,0,,,,0,0,2,0,0,,1,0,1,0,,,,,,,
Hamza Choudhury,39,1,0.03,0,1,0,0,0,13,4,31%,0,1,2,920,23.59,2,8,13%,1,41,3,1,24,0,51,47%,6,47,28,10,107,88,96,5,18,17,0
Calum Chambers,139,6,,1,4,1,,,,,,1,,3,"5,935",42.7,9,210,18%,4,304,28,1,137,2,257,70%,22,247,537,301,735,703,619,93,301,240,1
James Chester,60,3,,2,0,1,,,,,,0,,0,"1,789",29.82,0,21,10%,2,99,10,1,50,0,130,70%,2,124,256,154,273,288,213,20,112,94,0
Matthew Cash,10,0,,0,0,0,,,,,,0,,1,361,36.1,0,30,13%,0,23,5,0,13,0,26,65%,2,29,32,16,47,54,46,3,16,17,0
Lewis Cass,0,0,,0,0,0,,,,,,0,,0,0,0,0,0,0%,0,0,0,0,0,0,0,0%,0,0,0,0,0,0,0,0,0,0,0
Timothy Castagne,6,1,,1,0,0,,,,,,0,,2,304,50.67,1,12,17%,0,5,1,0,4,0,8,25%,0,6,16,7,33,29,22,5,15,11,0
Edinson Cavani,6,3,0.5,2,1,0,0,0,9,3,33%,0,0,1,43,7.17,1,3,,,,1,0,3,2,2,,4,3,3,2,,,,,,,
Dani Ceballos,36,0,36,0,0,0,0,0,19,3,16%,0,0,3,"1,843",51.19,3,82,17%,11,103,3,0,29,0,63,52%,7,49,18,12,230,165,167,42,12,31,0
Cédric Soares,126,2,,0,1,1,,,,,,0,,11,"4,504",35.75,16,532,25%,4,282,18,0,81,8,283,71%,17,154,320,137,588,513,461,50,123,201,4
Andy Carroll,237,53,0.22,24,6,23,2,1,536,172,32%,12,49,22,"4,745",20.02,28,114,,,,33,2,322,79,103,,109,74,327,199,,,,,,,
Scott Carson,145,0,,,,,,,,,,,,2,"2,722",18.77,,,,,832,6,1,4,,,,,,,,,,,,,,10
Fabio Carvalho,0,0,0,0,0,0,0,0,0,0,0%,0,0,0,0,0,0,0,0%,0,0,0,0,0,0,0,0%,0,0,0,0,0,0,0,0,0,0,0
Cameron Carter-Vickers,0,0,,0,0,0,,,,,,0,,0,0,0,0,0,0%,0,0,0,0,0,0,0,0%,0,0,0,0,0,0,0,0,0,0,0
Oliver Casey,0,0,,0,0,0,,,,,,0,,0,0,0,0,0,0%,0,0,0,0,0,0,0,0%,0,0,0,0,0,0,0,0,0,0,0
Elia Caprile,0,0,,,,,,,,,,,,0,0,0,,,,,0,0,0,0,,,,,,,,,,,,,,0
Carlos Vinicius,1,0,1,0,0,0,0,0,2,1,50%,0,0,0,1,1,0,0,,,,0,0,1,0,0,,0,0,0,0,,,,,,,
Guido Carrillo,7,0,7,0,0,0,0,0,11,4,36%,0,0,1,123,17.57,0,0,,,,0,0,7,1,5,,4,0,5,5,,,,,,,
Chem Campbell,0,0,0,0,0,0,0,0,0,0,0%,0,0,0,0,0,0,0,0%,0,0,0,0,0,0,0,0%,0,0,0,0,0,0,0,0,0,0,0
Tom Cairney,51,3,0.06,0,0,3,0,0,42,11,26%,2,0,2,"2,375",46.57,5,87,25%,10,138,3,0,23,1,65,58%,13,32,23,5,252,229,162,70,23,25,0
Leonardo Campana,0,0,0,0,0,0,0,0,0,0,0%,0,0,0,0,0,0,0,,,,0,0,0,0,0,,0,0,0,0,,,,,,,
Gary Cahill,378,27,,9,13,4,,,,,,5,,10,"12,894",34.11,8,23,17%,6,860,38,3,267,3,473,75%,64,452,"2,866","1,168","1,450","1,966","1,050",70,"1,174",574,8
Oskar Buur,1,0,,0,0,0,,,,,,0,,0,14,14,0,0,0%,0,0,0,0,0,0,0,0%,0,0,0,0,0,1,3,0,1,0,0
Dominic Calvert-Lewin,127,35,0.28,14,17,4,0,0,227,95,42%,5,36,9,"1,817",14.31,9,49,,,,18,0,152,44,51,,42,32,92,72,,,,,,,
Jake Cain,0,0,0,0,0,0,0,0,0,0,0%,0,0,0,0,0,0,0,0%,0,0,0,0,0,0,0,0%,0,0,0,0,0,0,0,0,0,0,0
David Button,4,0,,,,,,,,,,,,0,99,24.75,,,,,27,0,0,0,,,,,,,,,,,,,,0
Willy Caballero,34,0,,,,,,,,,,,,0,822,24.18,,,,,168,0,0,0,,,,,,,,,,,,,,2
Robbie Burton,0,0,0,0,0,0,0,0,0,0,0%,0,0,0,0,0,0,0,0%,0,0,0,0,0,0,0,0%,0,0,0,0,0,0,0,0,0,0,0
Jack Butland,77,0,,,,,,,,,,,,0,"2,327",30.22,,,,,757,0,0,1,,,,,,,,,,,,,,1
Joe Bryan,35,0,,0,0,0,,,,,,1,,1,"1,100",31.43,8,138,20%,1,55,6,0,29,2,68,68%,7,40,78,38,143,161,122,25,35,40,1
Dan Burn,50,0,,0,0,0,,,,,,1,,0,"2,038",40.76,2,61,20%,3,66,7,0,46,4,80,64%,5,55,219,138,193,301,220,22,183,81,0
Bruno Jordão,1,0,1,0,0,0,0,0,0,0,0%,0,0,0,6,6,0,0,0%,0,0,0,0,0,0,0,0%,0,0,0,0,2,0,0,0,0,0,0
Zak Brunt,0,0,0,0,0,0,0,0,0,0,0%,0,0,0,0,0,0,0,0%,0,0,0,0,0,0,0,0%,0,0,0,0,0,0,0,0,0,0,0
Oliver Burke,21,0,21,0,0,0,0,0,10,1,10%,0,1,2,206,9.81,3,10,20%,1,5,0,0,10,2,8,63%,5,7,3,1,21,43,77,17,11,22,0
Josh Brownhill,20,0,20,0,0,0,0,0,16,0,16%,0,1,0,749,37.45,0,4,25%,1,22,3,0,20,0,37,59%,7,41,28,11,109,106,82,13,44,36,0
Bruno Fernandes,25,15,0.6,1,14,0,7,1,78,34,44%,4,6,11,"1,410",56.4,11,133,24%,15,88,4,0,23,4,43,58%,17,19,23,15,110,102,144,23,6,21,0
Armando Broja,1,0,1,0,0,0,0,0,0,0,0%,0,0,0,1,1,0,0,,,,0,0,0,0,0,,0,0,0,0,,,,,,,
James Bree,0,0,,0,0,0,,,,,,0,,0,0,0,0,0,0%,0,0,0,0,0,0,0,0%,0,0,0,0,0,0,0,0,0,0,0
Rhian Brewster,8,0,8,0,0,0,0,0,5,2,40%,0,2,0,52,6.5,1,1,,,,0,0,6,3,1,,1,2,1,0,,,,,,,
Claudio Bravo,29,0,,,,,,,,,,,,0,838,28.9,,,,,133,0,0,0,,,,,,,,,,,,,,1
George Broadbent,0,0,0,0,0,0,0,0,0,0,0%,0,0,0,0,0,0,0,0%,0,0,0,0,0,0,0,0%,0,0,0,0,0,0,0,0,0,0,0
Jarrad Branthwaite,4,0,,0,0,0,,,,,,0,,0,223,55.75,0,0,0%,0,13,0,0,4,0,8,88%,0,2,11,7,18,20,21,1,9,15,0
Morgan Boyes,0,0,,0,0,0,,,,,,0,,0,0,0,0,0,0%,0,0,0,0,0,0,0,0%,0,0,0,0,0,0,0,0,0,0,0
Jarrod Bowen,33,5,0.15,0,0,4,0,0,59,13,22%,2,5,6,559,16.94,7,116,,,,0,0,13,4,31,,26,23,6,2,,,,,,,
Robbie Brady,148,10,0.07,0,3,7,2,1,158,43,27%,7,1,12,"3,396",22.95,24,739,26%,13,204,16,1,121,14,251,73%,55,140,221,102,604,620,603,133,143,120,2
Jonathan Bond,0,0,,,,,,,,,,,,0,0,0,,,,,0,0,0,0,,,,,,,,,,,,,,0
Willy Boly,70,4,,3,0,0,,,,,,0,,1,"3,257",46.53,5,2,2%,2,150,4,2,61,4,161,58%,7,132,323,197,375,472,239,25,261,107,0
Mateusz Bogusz,0,0,0,0,0,0,0,0,0,0,0%,0,0,0,0,0,0,0,0%,0,0,0,0,0,0,0,0%,0,0,0,0,0,0,0,0,0,0,0
Tolaji Bola,0,0,,0,0,0,,,,,,0,,0,0,0,0,0,0%,0,0,0,0,0,0,0,0%,0,0,0,0,0,0,0,0,0,0,0
Jayden Bogle,0,0,,0,0,0,,,,,,0,,0,0,0,0,0,0%,0,0,0,0,0,0,0,0%,0,0,0,0,0,0,0,0,0,0,0
Sofiane Boufal,70,3,0.04,0,1,2,0,0,73,20,27%,0,2,4,"1,328",18.97,9,101,16%,9,36,8,0,77,5,91,63%,28,15,9,3,212,371,410,187,23,37,0
Jamie Bowden,0,0,0,0,0,0,0,0,0,0,0%,0,0,0,0,0,0,0,0%,0,0,0,0,0,0,0,0%,0,0,0,0,0,0,0,0,0,0,0
Yves Bissouma,62,2,0.03,0,2,0,0,0,65,12,18%,1,2,0,"1,891",30.5,1,17,18%,6,94,13,1,90,2,151,62%,17,65,67,28,317,363,314,98,61,58,1
Yannick Bolasie,119,11,0.09,1,8,2,0,0,219,72,33%,8,8,17,"2,124",17.85,25,595,,,,9,1,140,46,151,,55,48,107,58,,,,,,,
Marcus Bettinelli,7,0,,,,,,,,,,,,0,211,30.14,,,,,66,1,0,0,,,,,,,,,,,,,,0
Muhamed Besic,46,0,46,0,0,0,0,0,26,7,27%,1,0,0,"1,339",29.11,2,18,22%,3,116,11,0,42,0,93,76%,7,34,56,26,154,186,165,53,21,16,1
Ryan Bertrand,241,7,,1,2,4,,,,,,3,,15,"9,238",38.33,29,845,21%,9,322,32,2,224,11,356,68%,34,340,403,191,929,"1,035",933,105,338,335,0
Bernardo,37,0,,0,0,0,,,,,,0,,1,"1,128",30.49,3,48,19%,0,35,5,0,20,6,90,67%,5,40,87,50,169,213,111,22,75,38,0
Bernardo Rosa,0,0,0,0,0,0,0,0,0,0,0%,0,0,0,0,0,0,0,0%,0,0,0,0,0,0,0,0%,0,0,0,0,0,0,0,0,0,0,0
Bernardo Silva,111,19,0.17,2,1,16,0,0,142,52,37%,3,17,18,"4,268",38.45,21,198,19%,13,139,8,0,67,4,122,64%,50,63,48,15,385,356,401,124,34,75,0
Adrián Bernabé,0,0,0,0,0,0,0,0,0,0,0%,0,0,0,0,0,0,0,0%,0,0,0,0,0,0,0,0%,0,0,0,0,0,0,0,0,0,0,0
Christian Benteke,234,75,0.32,28,37,10,10,1,563,218,39%,14,84,20,"5,758",24.61,31,36,,,,35,4,370,209,82,,118,27,222,152,,,,,,,
Sander Berge,26,2,0.08,0,2,0,1,0,15,4,27%,0,1,2,767,29.5,3,43,9%,0,28,4,0,30,3,38,58%,4,14,31,18,119,130,104,34,50,30,0
Bernard,65,5,0.08,0,5,0,0,0,37,11,30%,2,5,5,"1,445",22.23,7,92,,,,8,0,40,2,85,,14,47,22,5,,,,,,,
Steven Bergwijn,23,3,0.13,0,3,0,0,0,15,5,33%,1,2,1,412,17.91,1,15,,,,3,0,18,0,18,,4,2,12,1,,,,,,,
Saïd Benrahma,6,0,6,0,0,0,0,0,11,4,36%,0,0,2,77,12.83,0,6,,,,0,0,5,0,4,,2,1,0,0,,,,,,,
Nabil Bentaleb,58,0,58,0,0,0,0,0,49,9,18%,1,1,3,"2,767",47.71,4,17,24%,4,132,13,0,67,0,123,72%,12,112,72,31,296,258,215,42,65,41,3
Jan Bednarek,77,3,,1,1,1,,,,,,0,,3,"3,349",43.49,3,2,2%,3,162,13,0,63,0,121,60%,3,174,438,212,398,399,263,4,251,139,3
Héctor Bellerín,170,7,,0,4,3,,,,,,3,,20,"7,562",44.48,31,411,17%,32,152,27,0,136,9,225,77%,34,221,324,155,768,643,749,202,173,224,1
Filip Benkovic,0,0,,0,0,0,,,,,,0,,0,0,0,0,0,0%,0,0,0,0,0,0,0,0%,0,0,0,0,0,0,0,0,0,0,0
Ryan Bennett,111,3,,2,0,1,,,,,,1,,0,"3,409",30.71,2,12,17%,1,255,31,0,85,2,130,63%,3,145,643,304,322,495,353,5,340,221,2
Nathan Baxter,0,0,,,,,,,,,,,,0,0,0,,,,,0,0,0,0,,,,,,,,,,,,,,0
Lewis Bate,0,0,0,0,0,0,0,0,0,0,0%,0,0,0,0,0,0,0,0%,0,0,0,0,0,0,0,0%,0,0,0,0,0,0,0,0,0,0,0
Josh Benson,2,0,2,0,0,0,0,0,2,0,2%,0,0,0,35,17.5,0,1,1%,0,1,0,0,0,0,2,2%,1,3,1,0,8,5,7,2,0,3,0
Gaetano Berardi,0,0,,0,0,0,,,,,,0,,0,0,0,0,0,0%,0,0,0,0,0,0,0,0%,0,0,0,0,0,0,0,0,0,0,0
Michy Batshuayi,67,13,0.19,1,8,4,0,0,79,28,35%,1,11,4,486,7.25,1,5,,,,0,0,30,33,14,,24,10,9,7,,,,,,,
Chris Basham,71,1,,0,1,0,,,,,,0,,3,"1,975",27.82,3,79,16%,0,104,5,0,48,7,154,60%,1,112,243,130,293,380,231,35,147,94,1
Ross Barkley,208,27,0.13,2,17,8,2,2,428,124,29%,10,26,28,"7,876",37.87,34,343,24%,59,477,18,0,160,20,174,72%,152,79,110,87,779,996,"1,080",387,176,175,2
Daniel Barlaser,0,0,0,0,0,0,0,0,0,0,0%,0,0,0,0,0,0,0,0%,0,0,0,0,0,0,0,0%,0,0,0,0,0,0,0,0,0,0,0
Beni Baningime,8,0,8,0,0,0,0,0,0,0,0%,0,0,0,82,10.25,0,0,0%,0,3,1,0,4,0,6,33%,0,2,1,0,9,9,14,1,1,2,0
Patrick Bamford,40,10,0.25,3,2,5,0,0,66,30,45%,2,11,1,346,8.65,0,9,,,,2,0,33,14,21,,12,7,18,11,,,,,,,
Kyle Bartley,29,1,,0,1,0,,,,,,0,,0,994,34.28,0,3,3%,0,53,7,0,32,3,35,66%,2,32,154,89,92,121,71,5,67,31,1
Folarin Balogun,0,0,0,0,0,0,0,0,0,0,0%,0,0,0,0,0,0,0,,,,0,0,0,0,0,,0,0,0,0,,,,,,,
Tudor Baluta,0,0,,0,0,0,,,,,,0,,0,0,0,0,0,0%,0,0,0,0,0,0,0,0%,0,0,0,0,0,0,0,0,0,0,0
Danny Ballard,0,0,,0,0,0,,,,,,0,,0,0,0,0,0,0%,0,0,0,0,0,0,0,0%,0,0,0,0,0,0,0,0,0,0,0
Gareth Barry,653,53,0.08,5,3,26,14,0,320,112,35%,6,8,64,"20,616",31.57,18,906,28%,106,"1,668",123,6,633,45,"1,028",77%,82,629,876,328,"2,398","2,107","1,983",205,447,353,3
Phil Bardsley,302,7,,0,6,1,,,,,,2,,5,"9,335",30.91,17,669,20%,19,589,79,2,333,5,731,78%,56,428,"1,085",384,"1,165","1,406","1,003",106,306,286,3
Ashley Barnes,163,38,0.23,5,29,4,5,0,288,107,37%,6,29,6,"2,582",15.84,11,67,,,,33,2,285,98,107,,56,35,117,73,,,,,,,
Jack Bearne,0,0,0,0,0,0,0,0,0,0,0%,0,0,0,0,0,0,0,0%,0,0,0,0,0,0,0,0%,0,0,0,0,0,0,0,0,0,0,0
George Baldock,50,2,,0,2,0,,,,,,0,,4,"1,472",29.44,6,163,26%,0,30,8,0,64,12,81,72%,9,42,96,50,222,231,230,53,48,69,1
Gareth Bale,149,43,0.29,5,5,32,0,3,441,163,37%,16,22,20,"4,696",31.52,33,"1,026",,,,15,1,88,30,220,,114,242,297,78,,,,,,,
Fabián Balbuena,50,3,,1,2,0,,,,,,2,,0,"1,686",33.72,1,5,5%,3,121,5,0,35,0,72,56%,6,99,294,158,223,220,193,4,138,111,2
Lewis Baker,0,0,0,0,0,0,0,0,0,0,0%,0,0,0,0,0,0,0,0%,0,0,0,0,0,0,0,0%,0,0,0,0,0,0,0,0,0,0,0
Tiemoué Bakayoko,29,2,0.07,1,0,1,0,0,40,9,23%,1,3,2,"1,108",38.21,1,5,20%,0,44,3,1,50,2,64,64%,17,37,36,22,169,164,155,36,40,36,2
Leighton Baines,420,32,,0,1,31,,,,,,8,,53,"14,679",34.95,63,"2,331",26%,20,786,46,0,279,40,767,75%,92,533,"1,024",294,"1,352","1,642","1,258",232,193,237,2
Finn Azaz,0,0,0,0,0,0,0,0,0,0,0%,0,0,0,0,0,0,0,0%,0,0,0,0,0,0,0,0%,0,0,0,0,0,0,0,0,0,0,0
Miguel Azeez,0,0,0,0,0,0,0,0,0,0,0%,0,0,0,0,0,0,0,0%,0,0,0,0,0,0,0,0%,0,0,0,0,0,0,0,0,0,0,0
César Azpilicueta,276,8,,2,6,0,,,,,,1,,32,"15,946",57.78,32,583,22%,25,642,24,1,248,10,727,72%,30,475,797,421,"1,392","1,414",994,70,483,381,0
Eric Bailly,56,1,,0,1,0,,,,,,1,,0,"1,720",30.71,0,2,2%,1,101,7,1,47,0,92,67%,3,104,230,90,286,232,125,24,77,42,1
Pierre-Emerick Aubameyang,98,57,0.58,3,46,8,8,1,243,113,47%,8,40,13,"2,129",21.72,18,171,,,,5,1,35,64,64,,59,26,45,14,,,,,,,
Serge Aurier,65,4,,1,2,1,,,,,,0,,10,"2,596",39.94,13,243,15%,1,72,4,2,91,9,191,65%,11,94,174,107,323,448,364,68,143,117,1
Luke Ayling,13,0,,0,0,0,,,,,,0,,0,847,65.15,3,34,21%,2,67,2,0,6,1,37,46%,3,10,23,10,88,94,51,15,23,17,0
Christian Atsu,80,3,0.04,0,0,3,0,0,72,28,39%,0,4,6,"1,096",13.7,12,117,19%,8,24,5,0,34,14,52,77%,17,26,41,17,245,217,380,73,32,142,0
Taiwo Awoniyi,0,0,0,0,0,0,0,0,0,0,0%,0,0,0,0,0,0,0,,,,0,0,0,0,0,,0,0,0,0,,,,,,,
Jordan Ayew,147,26,0.18,4,18,4,2,0,230,80,35%,8,13,9,"3,113",21.18,12,151,,,,18,2,231,45,230,,74,81,58,36,,,,,,,
Brandon Austin,0,0,,,,,,,,,,,,0,0,0,,,,,0,0,0,0,,,,,,,,,,,,,,0
Luca Ashby-Hammond,0,0,,,,,,,,,,,,0,0,0,,,,,0,0,0,0,,,,,,,,,,,,,,0
Kepa Arrizabalaga,72,0,,,,,,,,,,,,0,"2,029",28.18,,,,,338,2,0,0,,,,,,,,,,,,,,3
Stuart Armstrong,70,10,0.14,0,6,4,0,0,94,35,37%,0,4,7,"1,607",22.96,3,59,20%,4,40,6,0,61,8,84,65%,26,33,40,15,238,224,311,61,34,59,0
Cameron Archer,0,0,0,0,0,0,0,0,0,0,0%,0,0,0,0,0,0,0,,,,0,0,0,0,0,,0,0,0,0,,,,,,,
Harrison Ashby,0,0,,0,0,0,,,,,,0,,0,0,0,0,0,0%,0,0,0,0,0,0,0,0%,0,0,0,0,0,0,0,0,0,0,0
Harry Arter,94,3,0.03,0,2,1,0,0,124,24,19%,5,2,5,"4,282",45.55,4,50,28%,16,326,32,1,91,2,221,73%,39,103,65,16,508,390,368,54,25,29,3
Alphonse Areola,12,0,,,,,,,,,,,,0,254,21.17,,,,,53,0,0,0,,,,,,,,,,,,,,0
Michail Antonio,140,39,0.28,19,16,5,1,0,316,123,39%,13,35,14,"2,764",19.74,21,323,21%,17,119,15,1,160,66,122,71%,73,126,124,58,489,967,"1,114",310,330,432,2
Angeliño,6,0,,0,0,0,,,,,,1,,0,338,56.33,3,43,21%,0,7,1,0,2,0,5,40%,2,9,15,7,29,17,15,4,6,7,0
Andreas Pereira,45,2,0.04,0,1,1,0,0,45,16,36%,0,1,4,"1,111",24.69,8,88,19%,3,42,10,0,42,4,34,62%,14,20,12,4,140,101,213,32,13,49,1
Faustino Anjorin,1,0,1,0,0,0,0,0,1,0,1%,0,0,0,7,7,0,0,0%,0,0,0,0,0,0,0,0%,0,0,0,0,1,2,2,1,0,0,0
Elliot Anderson,0,0,0,0,0,0,0,0,0,0,0%,0,0,0,0,0,0,0,0%,0,0,0,0,0,0,0,0%,0,0,0,0,0,0,0,0,0,0,0
Joseph Anang,0,0,,,,,,,,,,,,0,0,0,,,,,0,0,0,0,,,,,,,,,,,,,,0
Ethan Ampadu,7,0,,0,0,0,,,,,,0,,0,202,28.86,1,0,0%,0,6,0,0,4,1,15,47%,0,10,20,11,22,34,19,4,10,11,0
André Gomes,55,1,0.02,0,1,0,0,0,29,5,17%,0,1,2,"2,344",42.62,2,36,19%,4,199,15,0,103,2,72,60%,6,28,27,18,336,252,379,74,61,46,0
Nathan Aké,151,13,,7,1,5,,,,,,4,,6,"5,921",39.21,9,61,20%,3,264,18,1,100,7,256,63%,20,210,761,415,640,673,454,29,324,279,0
Albian Ajeti,9,0,9,0,0,0,0,0,3,0,3%,0,0,0,15,1.67,0,0,,,,0,0,6,2,1,,2,0,0,0,,,,,,,
Luke Amos,1,0,1,0,0,0,0,0,0,0,0%,0,0,0,3,3,0,0,0%,0,0,0,0,0,0,1,1%,0,0,0,0,0,2,1,0,1,1,0
Daniel Amartey,48,1,,1,0,0,,,,,,0,,1,"1,541",32.1,0,6,17%,0,73,6,1,42,1,70,61%,3,53,83,48,256,162,161,10,65,54,0
Florin Andone,26,4,0.15,2,2,0,0,0,20,9,45%,0,3,0,177,6.81,0,5,,,,5,1,30,4,11,,6,3,13,6,,,,,,,
Semi Ajayi,12,0,,0,0,0,,,,,,0,,0,471,39.25,0,2,2%,0,23,2,0,11,0,16,44%,1,14,35,17,75,42,38,6,18,12,0
Rayan Aït-Nouri,4,1,,0,0,1,,,,,,0,,0,133,33.25,0,12,25%,0,1,0,0,5,0,4,25%,2,2,6,4,20,13,17,5,1,3,0
Joachim Andersen,7,0,,0,0,0,,,,,,0,,0,288,41.14,0,0,0%,0,17,1,0,9,0,5,80%,0,7,42,19,35,32,21,2,21,6,0
Ola Aina,13,1,,0,0,1,,,,,,0,,0,506,38.92,0,26,15%,0,26,0,0,9,1,14,64%,1,18,31,16,45,34,32,5,6,11,0
Adrien Silva,14,0,14,0,0,0,0,0,11,2,18%,0,0,1,512,36.57,1,4,4%,3,26,3,0,9,0,24,63%,5,15,1,1,63,52,75,7,11,21,0
Sergio Agüero,266,180,0.68,18,127,34,26,0,999,411,41%,34,126,46,"6,172",23.2,61,176,,,,23,1,167,194,150,,230,73,14,3,,,,,,,
Adrián,138,0,,,,,,,,,,,,0,"3,450",25,,,,,"1,092",10,2,5,,,,,,,,,,,,,,10
Ahmed El Mohamady,186,6,,4,2,0,,,,,,4,,13,"6,659",35.8,19,918,21%,7,304,12,1,153,13,268,76%,19,246,342,162,913,962,869,128,445,410,1
Dennis Adeniran,0,0,0,0,0,0,0,0,0,0,0%,0,0,0,0,0,0,0,0%,0,0,0,0,0,0,0,0%,0,0,0,0,0,0,0,0,0,0,0
Ahmed Hegazi,39,2,,2,0,0,,,,,,0,,0,"1,242",31.85,0,10,30%,1,139,4,0,24,2,58,66%,0,61,277,158,191,197,147,22,108,86,1
Tosin Adarabioyo,9,0,,0,0,0,,,,,,0,,0,384,42.67,0,0,0%,0,31,1,0,4,1,10,80%,1,11,55,27,38,34,15,2,19,8,0
